mssv,xlhv_1,xlhv_2,xlhv_3,xlhv_4,xlhv_5,xlhv_6
001e045bxpvaibaexe+n07p56kwx2n6eoocujba4,0,0,1,1,1,2
004e12b9xpvaibaexe81r7krch0uc0uxbtobw4bg,0,0,0,1,2,2
005116e7xpvaibaexe8vdv75e6kcrk07zn1wf/t8,0,0,0,0,0,1
0063dc77xpvaibaexe+9uxuadizyik3mvzbgbsu+,0,0,0,0,0,1
008bc94cxpvaibaexe9/w7qcpr4fx1vmkmdbbgr/,0,0,1,2,2,2
00a6f5daxpvaibaexe/zt99h3ddtvt/brt/zz/rz,0,1,1,1,1,1
00acc499xpvaibaexe8ciylbp/qla4g3ka0i3o/f,0,0,0,1,2,2
00cffddfxpvaibaexe9pazsvcf3bgqtwebh0hdbi,0,0,0,1,1,1
00e148c2xpvaibaexe+yfpgaagvteqtcteueqms0,0,0,0,0,0,1
00f2c35axpvaibaexe9p78qxnh96y4b0n45ltstr,0,0,0,0,1,2
01345052xpvaibaexe80b1fr0fh/ju3gq/hxlb96,0,0,0,1,2,2
013dfc27xpvaibaexe9kwpgoh3zhlxpsij5qta8b,0,0,0,0,1,1
01641a90xpvaibaexe9dgf/ezu6zbxaquo6jqsv8,0,0,1,2,2,2
016ab880xpvaibaexe9lvlyxgsybv8bgu/pm3al/,0,0,1,2,2,2
017cd572xpvaibaexe9cfhtkhod3yquygl3dx7ko,0,0,1,1,2,2
0186d2fexpvaibaexe8lp0yaxzdquosodbdnyp4q,0,0,0,0,0,1
01b52be5xpvaibaexe9eypx3anxxhoetgoewyzrn,0,1,2,3,3,3
01c3e360xpvaibaexe8alappdcf+aqpfv91kc+cb,0,0,1,1,2,2
02d9a220xpvaibaexe+knwgscvz27lp2iqb5e3nw,0,0,0,1,1,1
03723a75xpvaibaexe85hklgqajy3tsw8foyj83/,0,0,1,2,2,2
03f0fdf5xpvaibaexe81r7krch0uc/dwutjis0l8,0,0,0,1,1,1
04782f2fxpvaibaexe9pmc4shtguo6ck0hn7qeag,0,0,0,1,1,1
04ca893bxpvaibaexe/soubysq9uj8riokr0jef/,0,0,0,0,0,1
05790986xpvaibaexe/huuivo8ucr806vmpiwfaa,0,0,1,2,2,2
0597247fxpvaibaexe+nyyotv4fwdzdbhns2i/tz,0,0,0,1,1,1
05fb97edxpvaibaexe+1n9lzrmgtlwuxodocigw6,0,1,1,1,2,2
06140a8axpvaibaexe8csuzma4ok0tgsdisfrght,0,0,0,0,0,1
06eedb7dxpvaibaexe8e6yzsppyfofvroccqyyax,0,0,1,1,1,1
0714aafcxpvaibaexe+n07p56kwx2k5jzfi+qyfv,0,0,1,2,3,3
07426a2dxpvaibaexe/wiuwn3fbmgftuujbl3l6v,0,0,0,1,1,2
07b199c7xpvaibaexe8nowy/kl2axhrcyvw9upq0,0,0,0,0,0,1
07cd6433xpvaibaexe+02rynj/uixwtqn+gwpm6m,0,0,0,1,2,3
07ef3044xpvaibaexe+nncqpvbk9mcggqoiook60,0,1,2,3,3,3
07f0b649xpvaibaexe9s6e9ioiufbgwa4h6cubkk,0,0,0,1,1,1
0850b0f9xpvaibaexe/twt+sf632fddzr/0ga7ku,0,0,0,1,1,1
0852976fxpvaibaexe8bcbqsm3bvhj7pwhsplpjx,0,0,1,1,1,1
08782ebcxpvaibaexe9zvzkastz09mv9x0bcbu8i,0,0,1,1,1,1
08cbd18expvaibaexe+rucnimwnda5sdarwnhsex,0,0,0,1,1,1
09ce92dexpvaibaexe92uubt7zfwrzwz1+hb4qhs,0,0,1,1,1,1
0a275ef0xpvaibaexe9j81k8mh0oj07f7m1swtm7,0,0,0,0,0,1
0aa6c0e6xpvaibaexe/wujygmdanyfwpwad68crk,0,0,0,0,0,1
0ac89451xpvaibaexe9syd7vfew2qvlaf3ajvnty,0,1,2,2,2,2
0ad9733bxpvaibaexe+e+n9mgynej18cbd4pz+8q,0,0,0,1,1,1
0aead120xpvaibaexe/ep1mhrppbrfeptm7vkf8g,0,1,2,2,3,4
0bdc71e7xpvaibaexe8zdsahj0+9rutbfuj7zi6s,0,0,1,2,3,3
0bff8631xpvaibaexe/jhqmylzzrr3zo13sue5xw,0,0,1,1,1,1
0c2af9f5xpvaibaexe94skkowenjb6fpcrsmxlcq,0,0,0,1,1,1
0c462c74xpvaibaexe98rlbmbw9wwdni+g77hgqd,0,0,1,1,1,1
0cb28a62xpvaibaexe9iov3kwpg5dxvdpwas/xvs,0,0,0,1,1,1
0cbdeb0cxpvaibaexe/rtk4wdmxi9/bnl79ebcg7,0,0,0,1,1,1
0cf74531xpvaibaexe8x4dbjaynqx7mmovd3rnwo,0,0,1,2,2,2
0d5bf6d5xpvaibaexe/z9l7tmg5te0xmbudlwwhb,0,0,1,2,2,2
0d6e6c28xpvaibaexe+uwtcfqv0fxq48mupdsuio,0,0,0,1,1,1
0da45914xpvaibaexe9jj0deqozv6ayszxybjmsh,0,0,1,1,1,1
0db54ef3xpvaibaexe9yyf5fmcfolfece74cv9kf,0,0,0,0,1,2
0dd35b47xpvaibaexe80b1fr0fh/jjiagw7ybf/0,0,0,0,1,1,2
0e1136edxpvaibaexe+cd2dfyrnotz0bfymekkp6,0,0,0,1,1,1
0e334238xpvaibaexe+hzqxlrr1wqkuqdqww/dpz,0,1,2,2,2,2
0e3cc85bxpvaibaexe/7yvaxosmwoq19c4izbcnv,0,0,1,1,1,1
0eecf6c7xpvaibaexe8isbka/kfnv325no+dejhm,0,0,1,1,1,1
0f0200bcxpvaibaexe+3hdjf+k3byey+4btzqkzh,0,0,1,2,3,3
0f175ae8xpvaibaexe+9v37kcinsicx1yhix0ss7,0,0,1,2,2,2
0f633f90xpvaibaexe9o/luqxb5f/3wdmeffvbke,0,0,0,0,0,1
0fd4fde2xpvaibaexe9nzbs7fjgawegyv9vfcrxm,0,0,0,1,1,1
1026d50dxpvaibaexe9uiu/58j7st53wibwz1jye,0,0,1,1,1,1
10284077xpvaibaexe9v50ts4uausdmsppki+qrw,0,0,1,1,1,1
1029ef15xpvaibaexe+em+qhkpgqwiso3new9oqz,0,0,1,1,1,1
1045a78expvaibaexe8dsw93dhiodcnz4iyhgwm/,0,0,0,0,0,1
106c1014xpvaibaexe9cjmvsz9p34llplltwfmbo,0,0,1,1,1,1
106e25faxpvaibaexe/ueorkxzagrjnskcbbpzqi,0,0,1,1,1,1
10bc2077xpvaibaexe+jf4o+sekcgnvyuigtmxfu,0,0,1,1,1,1
10e59e76xpvaibaexe998fvikzcjir3mnm3foo5p,0,0,0,1,1,1
119c7562xpvaibaexe/rr9ujzgoyekfpmwfutnpz,0,0,0,0,1,2
11dd1d9fxpvaibaexe/cisftemjhamr2fs9wf2c0,0,0,1,2,2,2
1248ca30xpvaibaexe+ee/bnoydjsjrguqpnjoq6,0,0,1,1,1,1
124e9567xpvaibaexe9zgba8fckekhc5+knm2ulp,0,0,0,0,1,1
124ee34axpvaibaexe/iosun/i5gh23geykxyh8c,0,1,1,2,3,3
1308511expvaibaexe87zpkgv/pdbpae6yu8ahwd,0,1,1,1,1,2
137fe0d5xpvaibaexe//euaw4j38k86ozexfjow+,0,0,0,0,1,1
13a871d1xpvaibaexe92mw4zeaxz0xyhhlwvwh2m,0,0,1,2,2,2
13f62701xpvaibaexe/kpp1fv6ua53o7/yboyvah,0,0,1,1,2,2
14f36c86xpvaibaexe+e+n9mgynejx876keey376,0,0,0,1,1,1
15121c7cxpvaibaexe9xlm9bjmqfkfixg7kb9i6r,0,1,2,2,2,2
152920e2xpvaibaexe8srut3batkgaremyi/mays,0,0,0,0,1,1
1567ef81xpvaibaexe+l62icawnoypboqkyjvkxq,0,0,1,1,1,1
15b88849xpvaibaexe+9toqtj+tlmgs05rmbfjt2,0,0,1,2,2,2
1617ad15xpvaibaexe9asx2ykqk5awkovvf31mk7,0,0,1,2,2,2
164fce73xpvaibaexe8qh9frndk+mco5qzpzeyxe,0,0,1,2,3,3
16c30ceexpvaibaexe8jfpqse3kv6uviaqvdb/gu,0,1,2,3,3,3
172c622dxpvaibaexe+43hjfrferjjs337wg3omj,0,1,2,2,2,2
173a83efxpvaibaexe+si2uhc5cmevbllvcebgu/,0,0,1,1,1,1
17416684xpvaibaexe88l+jen4tpm1dcv0jkw40c,0,1,1,1,1,1
175251b1xpvaibaexe/cdmtnbauoultbugctxm/y,0,0,0,0,0,1
17a0f940xpvaibaexe/aqmxydlkhr9bedi60v7bk,0,0,1,2,2,2
17c0ba29xpvaibaexe+g4b5cywzjwdhw/ykkfahu,0,0,1,2,2,2
17e2923dxpvaibaexe9kkddkot5ifjqgt9dxgjrj,0,0,0,0,1,1
17ffc7ccxpvaibaexe+wcrilhv+1xwb91jd9tqf4,0,0,1,2,3,4
18095340xpvaibaexe8yk/xntbukzraizthb4zis,0,0,0,1,1,1
18367bf6xpvaibaexe9kkddkot5ifkkb1a7foxv+,0,0,0,0,1,1
18a5e53dxpvaibaexe9iov3kwpg5dtxd7sek6lpt,0,0,0,1,1,1
18b0a997xpvaibaexe+tkly40atmdy+i2lrutpen,0,0,0,0,1,2
18bc3150xpvaibaexe+ralerolzghwzzvcuduyjh,0,0,0,1,2,2
18d2231expvaibaexe8lx4hhykrfzihlc2c5x1wp,0,0,0,1,2,2
19220744xpvaibaexe9cuss4f6r57fg/s/hcyntc,0,0,1,1,1,1
1979fe76xpvaibaexe9wxm0wjsxokvna62sdccgp,0,0,1,1,1,2
1984ea28xpvaibaexe+gnarchabwrwzgf7ej+ac+,0,1,2,3,3,3
19beca3axpvaibaexe+ggliw+afajbiwwkvbzj5o,0,0,1,1,1,1
19e0ee8fxpvaibaexe97wmuqtyuv7djordmkvxkl,0,0,0,0,1,1
1a57d711xpvaibaexe8dzib3odxynish6zkkfvzw,0,0,0,0,0,1
1b8231acxpvaibaexe9fr9h5gpmfnfyedpn1huid,0,1,2,2,2,2
1bc38497xpvaibaexe/rr9ujzgoyets85kfiqnbx,0,0,0,0,1,1
1c404c8fxpvaibaexe8p5yvhqtpes4pecqw39/sx,0,0,0,0,0,1
1c5409b8xpvaibaexe+/1kyxp+fweaeoybmrmhfs,0,1,2,2,2,2
1cb6be2bxpvaibaexe+duf+563kbvvnx1z39psj8,0,0,1,1,1,1
1cf12947xpvaibaexe8pr9lkerucfzlm3d437wec,0,0,0,0,1,1
1d7f955bxpvaibaexe9phs03bfe3hc3h70o4nknm,0,0,0,0,0,1
1db17a69xpvaibaexe/qwjvabg0+vft70jogninj,0,0,0,0,1,1
1dd40f83xpvaibaexe/a0c8nkwg+cnjnfs5fffxk,0,0,1,1,1,1
1de39381xpvaibaexe80nxgyyvttlvu8mdxes0fp,0,0,1,1,1,1
1e458d16xpvaibaexe92c4qaj9kvh6/s4cneqhxl,0,0,1,1,1,1
1ea57fe2xpvaibaexe8kujneatws84upb9ticbqb,0,0,1,1,1,1
1f7494efxpvaibaexe9suz+dc1ml5elrd7ydmdwi,0,1,2,2,2,2
1fa0b083xpvaibaexe/q6c3bndaquely0cmhno+m,0,0,0,1,1,1
1fdd03e9xpvaibaexe+ssm9d7qpetc02ns9/tnfk,0,0,1,1,1,1
2007220bxpvaibaexe9syd7vfew2qyohh5rxf8a7,0,0,1,1,1,1
2086199expvaibaexe9qk6hduwkqxycenefk6wn/,0,0,0,0,0,1
2161dc77xpvaibaexe/iosun/i5gh7bbvfgf4qv0,0,0,1,1,1,1
21825938xpvaibaexe8xlyagr26h4zxxu5a+hljk,0,0,1,1,1,1
22202b9fxpvaibaexe9rxq3eqecngygcmkgofwov,0,0,0,0,1,2
229b3a7fxpvaibaexe+f5/cncorl8fozoaezdvze,0,0,1,2,2,2
231393b0xpvaibaexe+xw+0gojor0pk5j6oaawo7,0,0,0,0,0,1
23205dfaxpvaibaexe90e3nxw1nyaqj090ndri+u,0,0,1,2,3,3
23244532xpvaibaexe/upr0e3tetqklwgpi6dhhh,0,0,1,1,1,1
23257a45xpvaibaexe+nyyotv4fwdx/iqta3kp4p,0,1,2,2,2,2
238e4a5cxpvaibaexe9mpn5ivdinr+4dnes1zyx7,0,0,1,1,1,1
23d78cf6xpvaibaexe8ndftcadx+eiaxgvgsf3/b,0,0,0,1,1,1
23ea7573xpvaibaexe/cisftemjhaoini5m49fl+,0,1,2,3,3,3
2472a653xpvaibaexe9exxmvkemojbd5wbw2yqnx,0,0,0,1,2,3
24ab6739xpvaibaexe+jqfayvnobxjpws75mqc/0,0,0,1,1,1,1
24b82902xpvaibaexe9rbqr8nwnz2puefglqxjgc,0,1,2,3,3,3
25445a9cxpvaibaexe+02rynj/uixyib4006b5wp,0,0,0,0,0,1
254d76e5xpvaibaexe+djyplaxkux4m0qotddzim,0,0,1,2,3,3
256844d6xpvaibaexe92uubt7zfwrt/g0tsi3mpf,0,0,0,0,1,1
265d05f3xpvaibaexe8qgrlcblbl2m+opn9cljqo,0,0,0,0,1,2
269a6330xpvaibaexe8ammuwimhl4vfi0ozjfgky,0,0,0,0,0,1
26d13f40xpvaibaexe9mpq5whbyspjjnjvfeomj6,0,0,1,1,2,2
271b286axpvaibaexe9cfhtkhod3yfy0onanvlxt,0,0,1,1,1,1
27c73435xpvaibaexe9mnmzps14vgeqi0k4idvsw,0,1,1,1,1,1
28142a5cxpvaibaexe+0dwp+qxloyvm0snhyvyqo,0,0,0,0,1,2
282249e0xpvaibaexe8a4mdanazfzkle4qiau/rh,0,0,0,0,1,1
282ca119xpvaibaexe9dkitjhf3qts8bwsvwumgw,0,0,0,1,1,1
284a2135xpvaibaexe+addq9ddabo0fmh2wgcqkx,0,0,0,0,1,2
28a90bb1xpvaibaexe/1obfbwrsd54ynwsleawum,0,0,0,0,0,1
28f6e5e2xpvaibaexe8ubgvvsbkskghdfrn4cedg,0,0,1,1,1,1
28ffb16bxpvaibaexe/huuivo8ucr6f4hdajmdvh,0,0,1,1,1,2
293ad60dxpvaibaexe+tuhadewrox+cnjmdynzhl,0,0,0,1,1,1
297cc4ccxpvaibaexe9zp44tyfcbsm+woxmqoj0t,0,0,1,2,2,2
29df8880xpvaibaexe8qh9frndk+mdjj6ymuts3p,0,1,1,1,1,1
2a189ef7xpvaibaexe8l2spbjihvxtu9bggxa/li,0,0,0,1,1,1
2a1a428cxpvaibaexe9pxjcjrat8xiyzocamfi/r,0,1,2,2,2,2
2a74f88bxpvaibaexe8n5o9ryaxum/skftagmfhd,0,0,1,1,2,3
2ab355a3xpvaibaexe9wgqqll7rkk9egm3vumrzn,0,0,1,1,1,1
2b578231xpvaibaexe9rv3kg6cpldammozuvjmwr,0,0,0,1,2,2
2b8081efxpvaibaexe8t2+ly9ehsfsznbw+e7ewx,0,0,0,0,1,1
2bdd7658xpvaibaexe+9uxuadizyijflosxuxevw,0,0,1,1,1,1
2c2d5c8axpvaibaexe/cezixfrxnldnzsugnuqeb,0,0,0,0,1,1
2cd43968xpvaibaexe/el9trakm7gtgei3yz0nsv,0,0,1,2,2,2
2d377495xpvaibaexe8jiyzwktgscjnmjfojihsk,0,0,1,1,1,1
2d462cd4xpvaibaexe+9toqtj+tlmsuncrhhmxk5,0,0,1,1,1,1
2d57a854xpvaibaexe8wdgcsqtf3ydjk01mdvjzw,0,0,0,0,0,1
2d694bc4xpvaibaexe++p1ki321t8tsdytvrmcmh,0,0,1,2,2,2
2d73d29dxpvaibaexe8f56j3w7c5xpu9ayea6tcb,0,0,1,1,1,1
2d7bd4caxpvaibaexe8bxozlghryn1ehnv20woui,0,0,0,1,1,1
2db504a4xpvaibaexe8dld2hmzmh+tspp/00ymx1,0,1,2,2,2,2
2eb80034xpvaibaexe/8x6gsb95yihj38qo0i8/f,0,0,1,2,2,3
2f17cedcxpvaibaexe+pzu+khqbqyvn1pcghshvf,0,0,0,0,0,1
2f608a18xpvaibaexe+qa4yv5f0y/s0npyppgxva,0,0,1,1,1,1
2f9bdb24xpvaibaexe9n6m+kqhqu8vtdztaucjid,0,0,0,1,1,1
2fc1d165xpvaibaexe/8rx8czm8qsd1bkdkq2gnl,0,0,0,0,1,2
2fce0d1dxpvaibaexe+4xppxlkrz0gvlqkh+fnrg,0,0,0,1,2,2
2ff04fa8xpvaibaexe/5h0vzw0nhlz1icbuz+z9r,0,0,1,2,2,2
3010ab7dxpvaibaexe8igiiwauhvto45gktmwbuq,0,0,0,1,1,1
30a07547xpvaibaexe+n07p56kwx2o4b+boxfwzb,0,0,0,0,1,1
31aebc04xpvaibaexe/twrxaq444c84ycz8+fzai,0,0,0,0,0,1
31f0b8c9xpvaibaexe91kmicrkek2m3zgfkalqog,0,0,1,2,3,3
327b0751xpvaibaexe/9lbbkdbccwfbbfxlcb9mq,0,0,1,1,1,1
32e654bdxpvaibaexe9/83vyrk4yztdjzlvcca85,0,0,0,0,0,1
32f9eb00xpvaibaexe8sxrohzbxms4pzekmpqx5y,0,0,0,0,1,2
32faba11xpvaibaexe97ykczitj7gthc4kp4hx9k,0,0,0,1,1,1
331b663expvaibaexe/iikjq57vd78ghuwyfkhxy,0,0,0,1,2,2
3385034bxpvaibaexe8cyaorokb5pajvjfc6jomy,0,0,1,2,2,2
33befdadxpvaibaexe+xoev1vj5o26vfbuxs7tf7,0,0,0,1,1,2
342257eaxpvaibaexe/aqmxydlkhr3sjnqbzsjdf,0,1,2,2,2,2
34d2366bxpvaibaexe9hszsdesat0raofevapl9y,0,0,0,0,0,1
357ab77fxpvaibaexe86hkncn730j6kieu80m/e+,0,0,0,0,0,1
35e443d8xpvaibaexe8jokysh0sa3s5u2/czwiij,0,0,0,1,2,2
35e827ffxpvaibaexe8pno0mp3gnikepskfzprj1,0,0,1,1,1,1
3607336expvaibaexe9cps/fvpb+n/goeits3atm,0,0,0,0,0,1
360bce8axpvaibaexe8cswcdak/pub9mwtbmkxtd,0,0,1,2,2,3
36ca7baaxpvaibaexe9cnossniodz0r60+5wkhx+,0,0,0,0,1,2
36d640f7xpvaibaexe9mdsftgvhj/mdfl0p5ocbn,0,0,0,0,0,1
36fc9c16xpvaibaexe+63tjw283n++v3efuvkupt,0,0,0,1,1,1
370cddcexpvaibaexe9euo2qxch07xwtcumfd8fp,0,0,1,1,2,3
371d7c02xpvaibaexe9rbno8knvpd6nhpmeb17yk,0,0,0,2,3,3
3730785bxpvaibaexe/3z2k7mha0jvn2/c+yk51e,0,0,0,0,0,1
373c7479xpvaibaexe++bdwpcni17uzurhujbpff,0,1,2,3,3,3
3788c7a4xpvaibaexe/81gdnmtxksft2ovfuiakg,0,1,1,1,2,3
37bf549bxpvaibaexe8hlnatuvcg+vlp2syvvtds,0,0,0,0,0,1
37cdd405xpvaibaexe9wkeultvpyd+gt/dmnmbu4,0,1,2,2,2,2
381475dbxpvaibaexe+z64gg7q108clu6+64csnj,0,0,0,0,1,2
387d399axpvaibaexe/s5mchdnrlm+cxikmavkbo,0,0,0,0,0,1
387e2efexpvaibaexe96k1ab3b4cksj8mkkciukn,0,1,2,2,3,4
38baf724xpvaibaexe+tkwu+ol4th1hu9bfjl0mw,0,0,1,1,1,1
38dfaa3axpvaibaexe8n5o9ryaxum97ariy9cfct,0,0,0,1,1,1
390e29faxpvaibaexe+px9rzhc1jhrr2jb8ligis,0,0,1,1,1,1
3a22442cxpvaibaexe9gjazs/pdnmzfjnewiqetm,0,0,0,1,2,3
3a2be3ecxpvaibaexe/hadw09fe3wmcrg1ndhivw,0,0,0,1,2,2
3a773130xpvaibaexe+65is9po18g5umznnwxvsr,0,0,0,0,0,1
3abf234expvaibaexe/ep1mhrppbriv1dk9g8oo4,0,0,0,1,1,1
3b29abacxpvaibaexe8magu8tldzsutshppcwrrz,0,0,1,1,1,1
3b468679xpvaibaexe9ggqkcdmdyem+tfxb/l4ih,0,0,1,2,2,2
3bc3a57bxpvaibaexe+fbptg8oxoupfszjebagru,0,1,2,2,2,2
3bd02554xpvaibaexe/3wut/psvvivixkx3lsku5,0,0,0,1,2,2
3c3ffacfxpvaibaexe/skowiyakjtmlknose4zt0,0,0,0,1,1,1
3ca2f06bxpvaibaexe9kkddkot5ifu++oq526gxi,0,0,0,0,1,1
3ca34866xpvaibaexe9pxjcjrat8xg1j3jotybtn,0,1,1,1,1,1
3cb24c2axpvaibaexe/a0c8nkwg+ch2j4agcp4lh,0,0,0,0,0,1
3cdc8985xpvaibaexe9pmc4shtguoxm26tiameen,0,1,2,3,3,3
3d305322xpvaibaexe9mnmzps14vgyeowvlzkk9k,0,0,1,2,3,3
3d3e151dxpvaibaexe/j0r+jn9xewzha62zcptgg,0,0,1,2,2,2
3d94aabbxpvaibaexe8xu1e8xgql2l9f6wwob2ic,0,0,0,0,0,1
3d9c71dcxpvaibaexe/havvgti21ab9dwkthfe4e,0,0,1,2,2,2
3db0d49cxpvaibaexe9syd7vfew2qatprlun+erg,0,0,1,1,1,1
3db94f26xpvaibaexe/pqrwcrbkwot8owzmhmk/p,0,0,1,1,1,1
3dd6f18cxpvaibaexe9yxj3+ew7ohexs0l6pexpk,0,0,0,0,1,1
3e0304c3xpvaibaexe8cswcdak/pudqvhen9qukd,0,0,0,1,1,1
3e7d7414xpvaibaexe9gqqks1wvjiq+hucxy+oqw,0,0,1,2,2,2
3e7f9baexpvaibaexe/pqrwcrbkwoxm6nodezpnj,0,0,0,0,0,1
3ec4c95dxpvaibaexe+xxbs4kvh/k298kmqsjxz6,0,0,0,0,0,1
3efe65e2xpvaibaexe9pxjcjrat8xv7iowyoinew,0,0,1,1,2,2
3f25b9a6xpvaibaexe8091b3eu2czaqtjnpsywmm,0,0,1,2,2,2
3fc0f6dexpvaibaexe/glop/3mrwaiymnwizzxym,0,0,0,0,1,2
404ed39axpvaibaexe8oni/il9mi2wwysgwooibv,0,0,0,0,0,1
407973b4xpvaibaexe/utqptjbxfvu/qwkce2s5w,0,0,0,1,1,1
40898878xpvaibaexe/iikjq57vd79yd2cj3c3yz,0,0,0,1,1,1
410a23b9xpvaibaexe/ytqqkv0usdbqg5jxr91d5,0,1,2,2,2,2
4118a431xpvaibaexe8ewfnztwjad//7u9vkjh+z,0,0,0,0,0,1
4125a39cxpvaibaexe9fhrfjqvhqktjetz+oayjm,0,0,1,1,1,1
4163fd3dxpvaibaexe8oni/il9mi2xaed5gm1oha,0,0,1,1,1,2
41879edbxpvaibaexe8hwu5tvpofamilvmjxtkxe,0,0,0,0,0,1
421891ddxpvaibaexe8+pbtaprlcy29khqvivhzl,0,0,0,0,1,1
423c0100xpvaibaexe/pnxuiwmjhjl9qw8euannw,0,0,0,1,1,1
42a1ec5fxpvaibaexe/x5ut1faytt/i76nhllyrk,0,1,1,1,1,1
42e2c20axpvaibaexe/m+/uawvehhlicah+o4wgg,0,0,1,2,2,2
42f00dcfxpvaibaexe+px9rzhc1jhpko3b8v15wu,0,0,1,1,1,1
43785d1expvaibaexe/hqn1xesl1bc0vidwxitbl,0,0,1,2,3,3
43bfaa25xpvaibaexe9ktkrxs1nj3gunsji9afuu,0,0,0,1,1,1
43c2c3dcxpvaibaexe+srle9jud3pmq4ykh+rfrd,0,0,0,0,1,2
43fdc210xpvaibaexe+9waygb66rlkvk2zxbj0s3,0,0,0,0,0,1
4431366dxpvaibaexe8sxrohzbxmsw5yhon9e8fd,0,0,0,0,1,2
4432ac56xpvaibaexe8+pbtaprlcy/ywfv4cmiqy,0,0,0,1,2,2
44404d54xpvaibaexe/bly1wus+nvjtrjyj6rn/7,0,0,1,1,1,1
44b9604axpvaibaexe+tzke2gc8nulcepwlizo6k,0,0,0,0,0,1
452d43e9xpvaibaexe8qbtius9inc7/l+jylxzmv,0,0,0,0,0,1
459d95b4xpvaibaexe917pyvj9jl7wd9anpknbsp,0,0,0,0,0,1
45d20526xpvaibaexe9g6r/97vinjogwizu1kxsp,0,0,1,2,2,2
461fa254xpvaibaexe/ae0qceo7lrfwt/yi6iqw1,0,0,1,2,3,3
465c97dcxpvaibaexe9ggqkcdmdyehnnagk2snux,0,0,0,0,1,2
4758b100xpvaibaexe+p5wobbwd0m4jenpd4ybx8,0,0,0,0,1,2
476f6055xpvaibaexe+em+qhkpgqweul4byqopeh,0,0,1,2,2,3
479ebe2expvaibaexe+rtfcnyqdp1gfgforc/nf7,0,0,0,0,0,1
47d5bafexpvaibaexe8dld2hmzmh+qr0jkqnbecf,0,0,1,1,2,3
47d6dc8bxpvaibaexe8vdv75e6kcrmlvenowepkk,0,0,0,0,0,1
48232090xpvaibaexe8xcsmc61u16er1g/nh7amm,0,0,1,1,1,1
4884eaaaxpvaibaexe8ak9bjf0pqfo82yj563snt,0,0,1,2,2,2
48a22f9bxpvaibaexe8oockqmsrcbcsot0bvggjk,0,0,0,0,0,1
48a69db2xpvaibaexe+e+n9mgynej5+96loirvor,0,0,0,1,1,1
492d6329xpvaibaexe9w7fv/x7qyqafcfhitupyx,0,0,1,1,1,1
49abc5efxpvaibaexe8ewl5nr7owqt3votr9dxyx,0,0,1,1,1,1
49caea2expvaibaexe9fy2hcq9oia2twwinpegrd,0,0,0,0,0,1
4ae72dd0xpvaibaexe+srle9jud3pmflatlv6pew,0,0,0,0,1,1
4b718ae2xpvaibaexe90tjjq9lqizompxagqa4xd,0,0,1,1,1,1
4c3323baxpvaibaexe/t4wkrtma45y0agcvkjma+,0,1,2,2,2,2
4c5aa925xpvaibaexe/k5chhyiupxhra+ca3ubxj,0,0,1,2,2,2
4c69b0dcxpvaibaexe+3iesfe/cqdlk+18awdhoi,0,0,0,1,1,1
4c91fc64xpvaibaexe92umf5pb/ttn5jq3wriohb,0,0,0,0,1,1
4d09d127xpvaibaexe8pr9lkerucfs4ybav4fa0f,0,0,0,1,2,2
4d34a344xpvaibaexe8at9ggxzjnl3ap/hjl8pi2,0,0,0,0,0,1
4d458f58xpvaibaexe+s31jtlcsup4byfsl/r3hz,0,0,0,0,0,1
4d56f049xpvaibaexe/f8uibt+n0t4jmmd/vdt9a,0,0,0,0,0,1
4d5fd232xpvaibaexe+xoev1vj5o2weclpqjdh7d,0,0,0,0,0,1
4d740d75xpvaibaexe8dsw93dhiodcpllh09yzce,0,0,1,2,2,2
4d86c9d7xpvaibaexe/eamzfftvzpoiuphc5hmkx,0,0,0,0,1,2
4d99c6d7xpvaibaexe+iijopfrvdw4sxoiw1xkf5,0,0,1,2,2,2
4db1855dxpvaibaexe+n4ol3iutqc0cll0kwm7kq,0,0,1,1,1,1
4dfbcd0bxpvaibaexe815epcwwbvwa6bmth2lz2k,0,0,0,1,1,1
4e119a8axpvaibaexe8tcemjjxtx9jul9i5yqtq7,0,0,1,1,1,1
4e3b2e64xpvaibaexe93t/fgosrpn05lmh4zm7cp,0,0,1,1,1,1
4e7f4557xpvaibaexe/xopuzjjlegopf3wazgz0r,0,0,0,0,1,2
4ede4c62xpvaibaexe/havvgti21aghmihdxso2c,0,0,1,2,2,2
4ef61d4expvaibaexe9a8avg2xms/zkwcfbkntpz,0,0,1,1,2,2
4f6a9feexpvaibaexe+hl3bsg7jygmj7x6bjrn3e,0,1,1,1,1,1
4f77999dxpvaibaexe8wxpcntbnysnt5dtrbmrbu,0,0,0,1,1,1
4ff77498xpvaibaexe88l+jen4tpmzogqc5qxjli,0,0,0,0,1,2
50b2dd22xpvaibaexe+pdn88/1dr4nnc7q9fhda/,0,0,0,0,0,1
50e7822bxpvaibaexe9mjvtuymji9igox79k0ulf,0,0,0,1,2,2
51164227xpvaibaexe95bgjyc1xgntdcv0dg5gvu,0,0,1,2,2,2
516d8a44xpvaibaexe9tvobyld1inuk2lqp0t6u7,0,0,1,1,1,1
5180a039xpvaibaexe8jfpqse3kv6uixvj5n0/iz,0,0,1,2,2,2
51db5841xpvaibaexe9iotseai5jco9byqyk3qrn,0,0,0,0,0,1
51e91e7dxpvaibaexe9euo2qxch07qy82tktseja,0,0,1,1,1,1
523fc174xpvaibaexe+0dwp+qxloyiscejfvmgyz,0,0,0,0,1,1
52e76e98xpvaibaexe8n6ffpptvzupy7ottzd05e,0,0,0,1,2,3
53ed17c2xpvaibaexe9n6m+kqhqu8mur98djl0ve,0,0,0,0,1,2
555c9700xpvaibaexe/huuivo8ucry5sjhacmu89,0,0,1,2,2,3
5589f298xpvaibaexe/pnxuiwmjhjkzrdhnrxktn,0,0,0,0,0,1
55b3040axpvaibaexe8nucevwxzmu3dvkkgdf3mq,0,0,1,2,2,3
55e029baxpvaibaexe8sxrohzbxms8mzuqnd4qx0,0,0,0,1,2,2
561acd15xpvaibaexe8n6ffpptvzurku5ytrz+dl,0,0,0,0,1,2
5620cb58xpvaibaexe8gdasstpmlxj1joeliu63e,0,0,1,1,2,3
569d92e9xpvaibaexe8o0tnwwz3u3zg4fhgcygym,0,0,0,1,2,3
56bd6434xpvaibaexe/a4dmmdlc8uel9for+tsgj,0,0,1,1,2,2
572b42bcxpvaibaexe+si2uhc5cmetdwxvwfkdf2,0,0,0,0,1,1
57cc6f79xpvaibaexe/nw3dhnqnhf87snxdmglc7,0,0,1,2,2,2
57d87db5xpvaibaexe+ee/bnoydjskfgapkk8t+o,0,0,1,1,1,1
58866649xpvaibaexe+p5wobbwd0m1lt7kmwf5su,0,0,0,1,2,2
59078061xpvaibaexe9tdh69vvzt1+ti0ctwxx8h,0,0,0,0,0,1
590c5a22xpvaibaexe/5sy0p9d9+eifjn53f5ry7,0,0,0,0,0,1
5920928bxpvaibaexe9nzbs7fjgawy8djbihaeuf,0,0,0,1,1,1
59a6c631xpvaibaexe8p7+qblh7hjvf8gpgwzwhy,0,0,0,1,2,2
59d90864xpvaibaexe84or/xkbcpmdyo8m9h+tew,0,0,0,1,2,2
59e3efa9xpvaibaexe/8x6gsb95yigzozx+fp5pi,0,0,0,0,1,1
59edc357xpvaibaexe9iepfiqz9mxutittbxsfxw,0,0,0,1,1,1
5a5fcfa8xpvaibaexe+cd2dfyrnot7wmlqmvy39o,0,0,0,1,1,1
5a8bd1d0xpvaibaexe/wiuwn3fbmgmqsu6paorkx,0,0,0,0,0,1
5af5d0f6xpvaibaexe+chxm5chw4wqrwd4vaexvu,0,0,0,0,0,1
5b8e4ad4xpvaibaexe+pzu+khqbqyuxl8hfv89dk,0,0,0,0,0,1
5bb2616axpvaibaexe+djyplaxkux+vztes+v3ma,0,0,1,1,1,1
5bd0faa3xpvaibaexe/gydlukvkbtenxysdctxlc,0,1,1,1,1,1
5bd9c85expvaibaexe92hfjddfybwxozyf9bciqb,0,0,1,2,2,2
5bfcbadbxpvaibaexe9wkeultvpyd98w5ybuext1,0,1,2,2,2,2
5c97ee80xpvaibaexe+e2tivvtphofjof9gwxx+j,0,0,1,1,1,1
5d554db1xpvaibaexe+eyzjphisy857zuvkqpntr,0,0,1,1,1,1
5d6c330dxpvaibaexe+tzke2gc8numrwpma+pq4c,0,0,0,0,0,1
5d789003xpvaibaexe9j+wd+ah8cnoeirrtygwix,0,0,1,1,1,1
5dd5f416xpvaibaexe/nv6pz4rt50kwnvsbchl0f,0,0,0,0,0,1
5de3f10bxpvaibaexe9tsfvy3ugugactxynibrvs,0,0,1,1,1,1
5e056160xpvaibaexe/umsx+yo/cn1guczu4xrvw,0,0,1,1,1,1
5ed1a031xpvaibaexe+gnarchabwr8y3uffczkyp,0,0,0,1,2,3
5f67cf31xpvaibaexe+gzqv7yqrybshqfvzkjiub,0,0,1,1,1,1
601b1b7axpvaibaexe/rtk4wdmxi98yppyv4mpna,0,0,0,0,0,1
608fe5cbxpvaibaexe+e43ovk5cnpwma3i5ad7zg,0,0,0,0,0,1
60eddf4fxpvaibaexe8kujneatws81d6twaf+bsv,0,0,1,2,3,3
60f6247expvaibaexe8cwh5hvembzm+ymkj3jvlt,0,0,0,0,0,1
61180195xpvaibaexe9gcllhjlbbnr5wpou3apq+,0,0,1,1,1,1
61465a87xpvaibaexe/bly1wus+nvo66unttpac6,0,1,2,2,2,2
61b6bdb1xpvaibaexe81w9evvyp+l9cb1mmqe68y,0,0,0,1,2,3
61f9bd19xpvaibaexe8ptkrjyotmh4ktprpzmqsf,0,0,0,0,0,1
62291c90xpvaibaexe/cjxaw79civtn0euknrz04,0,1,1,1,1,1
628fbfc9xpvaibaexe/eckq6i30zsofemthq6vlx,0,0,0,0,0,1
62a950a6xpvaibaexe8yzz/8qutgdv/tdzlof+yc,0,0,0,0,0,1
62bffe2expvaibaexe/9ugxkuzclfpe37bsuxsyd,0,0,0,0,1,1
62cb9074xpvaibaexe+5aeinm7he3lqjjwdeakvg,0,0,1,1,1,1
62f3c56expvaibaexe/jkysbfnj8il4sue5mdkrl,0,0,0,0,0,1
631c72c9xpvaibaexe/xn91tbwvndxh/yahoqjwg,0,1,1,1,1,1
6321eb33xpvaibaexe+fpsoag5letxtsqe66tjtg,0,0,0,1,1,1
64fbbab2xpvaibaexe84or/xkbcpmy+r/v0ab3px,0,0,0,0,0,1
655d3509xpvaibaexe+tzke2gc8nup5zkp7ypfiy,0,0,0,0,0,1
657f855fxpvaibaexe9ktkrxs1nj3ie83cuoqsxv,0,0,0,1,1,1
65a8ce1expvaibaexe+tg0ae8qw/gqdz/d+/k6ii,0,0,0,0,0,1
65ee524dxpvaibaexe/aceoi5e1mark2vdzxftiz,0,0,0,0,0,1
668068e2xpvaibaexe/vttmkh7juokfzkul+030e,0,0,0,0,0,1
66c7067dxpvaibaexe8enouoh243g0boy5+gdzi7,0,1,1,1,1,1
6737e007xpvaibaexe+sgbkufuin7cgz+zmghwif,0,0,0,0,1,1
673dfb3fxpvaibaexe+pvabtvmwztm2cbdlr9odw,0,0,1,2,3,3
675617c3xpvaibaexe9rbqr8nwnz2ffm+aneidyx,0,0,1,2,3,3
6767e861xpvaibaexe87cfnqlcor2xagc719vacl,0,0,1,1,1,1
67a51dc3xpvaibaexe/7yvaxosmwotcfvkineq0e,0,0,1,1,1,1
67c24b91xpvaibaexe/t9ok6w7d83yab0zt0cril,0,0,0,1,2,3
67d20ebbxpvaibaexe/j0r+jn9xewaahlquekuv4,0,0,1,2,2,2
67e2f52dxpvaibaexe8wxpcntbnystymnb/0jts9,0,0,0,1,1,1
688ad0f0xpvaibaexe+a3tjfwxprolqpmwwz78oz,0,0,1,1,1,1
68a9f6e0xpvaibaexe+wjq/eosknhsffr3hqfjz7,0,0,0,0,0,1
68ce8bf0xpvaibaexe9rbno8knvpdzbp8fukr2+8,0,0,0,0,1,1
69634bdaxpvaibaexe+gzqv7yqrybnf+adhgv386,0,0,0,0,0,1
6975d013xpvaibaexe9zkqy6ucuvgnva4zthklzf,0,0,1,2,2,2
6a128b00xpvaibaexe8ebn4ywa8yuzfsewy1dhco,0,0,0,0,0,1
6a58fa75xpvaibaexe+lovcofflpomoydtk9megh,0,0,1,2,2,2
6af26f27xpvaibaexe/75frwbkqtnwptk5rw+sjw,0,0,1,2,2,2
6b28a11bxpvaibaexe9+dt4frtt+q1ujopb6zt9x,0,0,0,0,1,2
6b364036xpvaibaexe/xopuzjjlegaipz7jpcov9,0,0,0,0,1,1
6b7ba980xpvaibaexe/4yh02bdnytluw+p9up/+k,0,0,1,2,2,2
6b9f848fxpvaibaexe/kvw+jfxjb/kb041vqwqww,0,1,2,2,2,2
6c2cb01dxpvaibaexe/thzsgycyugkcx4f+bd9as,0,0,1,2,2,2
6d3c6b7cxpvaibaexe+ralerolzghyxwh+rizcay,0,0,0,1,1,1
6d9b477axpvaibaexe+7ulwsh9xvqgynbqw4mvnw,0,0,0,0,1,1
6de3da07xpvaibaexe+si2uhc5cmeymte/fcwe7t,0,0,1,1,1,2
6e1ec6e3xpvaibaexe+xw+0gojor0arvnoutmoxn,0,0,0,0,0,1
6e786189xpvaibaexe9n+b7c2vgps5hgjfnp9ope,0,0,1,1,1,1
6ea715e1xpvaibaexe9estqu9oocifrpc/9jwyjr,0,0,0,1,2,2
6ec9b467xpvaibaexe+g4b5cywzjwzvd7kcf00e1,0,0,1,1,1,1
6ee844f3xpvaibaexe/yg42d1b4hlm0ux0bhino5,0,0,0,1,1,1
6f81a5d5xpvaibaexe8yzz/8qutgdswpb4ctni4b,0,0,0,0,0,1
6f9bed37xpvaibaexe9a9whb728zib4h7e7ytzjq,0,0,1,2,2,2
6fb8c971xpvaibaexe8zjuwfavbr9syz83phzpbu,0,1,2,3,3,3
70e6860fxpvaibaexe8ak9bjf0pqfpqpg9mpvs2v,0,0,0,0,1,1
713e3aabxpvaibaexe/v63kviwwaknvf8ow+bdlu,0,0,0,1,1,1
724f0583xpvaibaexe+3hdjf+k3bywtf4+snzcrb,0,0,1,2,2,2
72af62a1xpvaibaexe+1qnc7laco/fusp6/gndcd,0,0,1,1,1,2
72d38c50xpvaibaexe9xlm9bjmqfktefv4i4s1d+,0,1,2,2,2,2
72e7eb49xpvaibaexe/ueorkxzagrln2sowdqesy,0,1,2,2,2,2
7320a91expvaibaexe/eckq6i30zsh+h6g9bggsf,0,0,0,1,2,2
73283126xpvaibaexe+tsa7t7usljyr+4jqyh/zi,0,0,0,0,1,2
733bea2fxpvaibaexe+hel85qgo03sv+zdvcq1yv,0,0,0,1,1,1
737325adxpvaibaexe/f8uibt+n0t7zt5670dhft,0,0,0,1,2,2
737e06f3xpvaibaexe/cipillltjf2tjcgiyewfr,0,0,0,1,1,1
73ab42fbxpvaibaexe+laxehdaaonn8khcuz6vwe,0,0,1,1,1,1
73b86ff6xpvaibaexe/zkcdd4jxtlistzdamfyjy,0,0,1,1,1,1
7407d08dxpvaibaexe+nqszrbbpdt+s094rsynjl,0,0,0,0,1,1
7414861dxpvaibaexe/nq24gaz1feadgeogpyrsv,0,0,0,0,1,1
742b1e08xpvaibaexe8qxkhwixudakb8z+/8qlwv,0,0,1,2,2,2
74374c5bxpvaibaexe+nnqrni1k9jmk0ywiq/nck,0,0,1,2,3,3
74faa182xpvaibaexe/esoa28kztdiyieykrfinm,0,0,1,2,2,2
751c5cd8xpvaibaexe8ooiz7qg2et/mgige5xlta,0,0,0,0,0,1
751cc854xpvaibaexe/liv6qehs+zyjewbyy8ru+,0,1,2,2,3,3
755d1c40xpvaibaexe+72vl6t/d8gae2ifmqhnq6,0,0,1,1,1,1
7561f2b2xpvaibaexe8091b3eu2czi9jzus/7s2i,0,0,0,0,1,2
75e7ff8cxpvaibaexe/w5gzwsm37/+refycqit7t,0,0,1,1,1,2
76271014xpvaibaexe/twrxaq444cxlmvsdyog/9,0,0,0,0,0,1
762cdbf5xpvaibaexe/cay9n2snhgl2njcff1prs,0,0,0,0,0,1
76497f14xpvaibaexe+p5wobbwd0m4k8duzy96oe,0,0,0,1,2,2
76e059d3xpvaibaexe+qkogrj4dtvtdxf5/f9lbx,0,0,1,2,2,2
772227f1xpvaibaexe9ujnppeyi4ux3eczsjtg3q,0,0,1,1,1,1
77687df8xpvaibaexe/pmlswv14ojjtwwinezmuo,0,0,1,2,2,2
779568e5xpvaibaexe++r9hzjt1s79wrsgq5d4ek,0,0,0,0,1,1
77c65ab4xpvaibaexe9kwpgoh3zhl17zuy0xehsc,0,0,0,1,1,1
77e79cedxpvaibaexe+v5svysgrzwoj2ikmecuz/,0,0,0,1,2,2
782c708bxpvaibaexe+f+2tzheifcvtckgsfyql1,0,0,0,0,1,2
786cbbc1xpvaibaexe8qgrlcblbl2u4+2kw/oa4i,0,0,0,1,2,3
789be82dxpvaibaexe/nrwqjpac0mh7z5b/f4f4y,0,0,0,0,0,1
789c02aaxpvaibaexe+/1kyxp+fwek/y54tvf704,0,0,1,1,1,1
78dfd992xpvaibaexe9hxpb1pepyfyixglgwpqu3,0,0,0,0,0,1
790a7a3dxpvaibaexe9dy3g0pb8xokittaxvtoyl,0,0,0,0,0,1
79df0dd4xpvaibaexe9rxq3eqecngd5g/qr26mng,0,0,0,1,2,2
7a2f5acexpvaibaexe9j81k8mh0ojwqphwe8hv+i,0,0,0,0,0,1
7a877b93xpvaibaexe/dmvqguzybhkb1sk3fzsov,0,0,0,0,0,1
7a8986f1xpvaibaexe8+y7c9z9giq9ytsf4hygk4,0,0,1,1,1,1
7a89e59expvaibaexe8dbqman7rghplqkqza+ep0,0,0,0,0,1,1
7ae5672axpvaibaexe+jqfayvnobxiaqozgtztid,0,0,1,2,2,2
7afd7535xpvaibaexe8y6/rmxzrwbxih5hexe283,0,0,0,1,1,1
7b04c5e3xpvaibaexe+em+qhkpgqwo/z8tihhufy,0,0,1,2,2,2
7b7481f4xpvaibaexe92yz7kcyizxuqy61ddvxov,0,1,2,2,2,2
7c453d70xpvaibaexe9yyf5fmcfolbldzwtgbyoi,0,0,0,0,1,2
7ca35a03xpvaibaexe/cjxaw79civjnf7zwnluzo,0,0,1,2,3,3
7cb9fc96xpvaibaexe9wctnuikkykhwcw6m7z4ne,0,0,0,1,1,1
7cc27621xpvaibaexe8dsw93dhiodnct+x8mhrcl,0,1,2,2,2,2
7cd02a9fxpvaibaexe+g4b5cywzjwcj8tsg91yaq,0,0,1,1,1,1
7ce0e656xpvaibaexe8jnpgmw2c4udy5kyrmobl5,0,0,0,0,0,1
7d6aed70xpvaibaexe9dy3g0pb8xomkqafr7puuq,0,0,0,0,0,1
7d7633b0xpvaibaexe95ihrkysgfccqvgm4nfgyt,0,0,1,2,2,2
7e297529xpvaibaexe80crbkbdr5tyjcmntf6qpl,0,0,0,0,0,1
7e5b4b7dxpvaibaexe/x5zhfzi36lnpo7aem0npx,0,0,0,0,1,1
7e8bc1efxpvaibaexe+dmotnufi9lwoyhs5uveu+,0,0,0,0,1,1
7e990c2expvaibaexe9whl/t4cdmzaqmm5bdjcos,0,0,0,0,0,1
7ee1cd5fxpvaibaexe/ekiy6f5fd8iavxfaxkrns,0,0,0,0,1,1
7f1cf6c5xpvaibaexe9dy3g0pb8xofot2yaylqvy,0,1,2,3,3,3
7f1cfa40xpvaibaexe9qltw0miqvite2pm8f59ik,0,0,1,2,2,2
7f1ef887xpvaibaexe/erksrs1wgeazcbqlcmuhk,0,0,0,1,2,2
7f57e0caxpvaibaexe9cjmvsz9p34gsfnycrxpl4,0,0,1,1,2,3
7f620e6axpvaibaexe+nnqrni1k9jgdo38ucjdck,0,0,0,1,2,3
7fbd0513xpvaibaexe+ltcxpm838vaxt1zhb2ina,0,0,0,0,0,1
80472ccexpvaibaexe828ep1j4avvczok1++39jr,0,0,1,1,1,1
80603101xpvaibaexe+ps8zyokgtswwsdkd2ddts,0,0,1,1,1,1
80dc25adxpvaibaexe9djwuq+cta8tj0gcpyeakf,0,0,0,1,2,2
8136d1c7xpvaibaexe9rbno8knvpdylhjwamh4f3,0,0,0,1,1,2
814a1338xpvaibaexe8utlk0ua6niblpjs1dpks5,0,0,1,1,1,1
81a16e02xpvaibaexe98rlbmbw9wwzyzqql2y9vw,0,0,1,1,1,1
81b56530xpvaibaexe9syd7vfew2qe4ldpkmcxew,0,0,0,0,1,1
81dd8f95xpvaibaexe+ps8zyokgtsdyq8mhvnr6u,0,1,2,3,3,3
825f4dbbxpvaibaexe/el9trakm7gzngnre3iexp,0,0,1,2,2,2
825fa3f2xpvaibaexe/wm5trbbcdmw1yuepwojx3,0,0,0,0,0,1
826fa2c3xpvaibaexe9ygnnr0jxphz0g/j/fbtq4,0,0,0,1,2,2
8278e218xpvaibaexe98bewemyja5svazcv7xa6i,0,0,1,1,1,1
829b9071xpvaibaexe91ucttbryag0wndqn7ao3g,0,0,0,0,0,1
82ac5317xpvaibaexe+qnco6wu+o6nd8gflrub4k,0,0,0,1,1,1
82f358d5xpvaibaexe+pxorfe/k8ceqsgf32nc9q,0,0,0,1,1,1
83302eadxpvaibaexe9q2mcsucintqyf3w5qe4hy,0,0,0,1,1,2
8391c626xpvaibaexe+ghnk19bpqc3aysdea67w7,0,1,2,2,2,2
83be0e42xpvaibaexe8qgrlcblbl2ntqfy9hakuj,0,0,1,2,3,3
83c48dc7xpvaibaexe8ixn+mv9wqkkaswm7lxemz,0,0,0,0,1,1
8405ab7axpvaibaexe8csuzma4ok0sccokpnzj1+,0,1,1,1,2,3
840bdcbdxpvaibaexe8pno0mp3gnin1vxz4xdtfg,0,0,1,2,2,2
843e09d5xpvaibaexe+wvosof63ssa/smccbpheo,0,1,2,2,2,2
844ba991xpvaibaexe8zqb/g2cpypmy8efwe0kzt,0,0,0,0,0,1
84b07d27xpvaibaexe/8x6gsb95yiewmebrsaf9f,0,0,0,0,1,1
850c19c2xpvaibaexe9gcllhjlbbnzc5o6smc8cs,0,0,1,1,2,2
850d0b08xpvaibaexe8p0shbvugo+kumddafojva,0,0,0,0,0,1
852ab6fbxpvaibaexe9zvzkastz09jfwdhfb+dyv,0,0,0,1,1,1
854baca2xpvaibaexe/mfnbyxh05b03wvm7utjgr,0,0,0,0,1,2
8575bce8xpvaibaexe+t+pdylenbrq6k/k7kla6s,0,0,1,2,2,2
85765f51xpvaibaexe/7vxm0xgxldmr8ijn1d/nl,0,0,0,0,1,1
85ae4ea5xpvaibaexe8pno0mp3gnilgaxs5qkla3,0,0,0,0,1,2
86053f82xpvaibaexe81r7krch0uc8qhbnpgnt/a,0,0,0,0,0,1
86589374xpvaibaexe/lq24vwkc+lk7ahddktcpt,0,0,1,2,2,2
86d95ef1xpvaibaexe+wnahzenc8ynp88+vlxs5+,0,0,1,1,1,1
870788f3xpvaibaexe/7kkas8/f9rv/4pgrm1bpg,0,0,0,0,1,1
8746d01expvaibaexe+ralerolzghyncx5axfxis,0,0,0,1,1,1
882fb1b0xpvaibaexe8y6/rmxzrwbebw/cemiajk,0,0,0,1,2,2
8832c80axpvaibaexe/d4nfnihfaqo6ecqaramuh,0,0,0,1,2,2
8868ba3cxpvaibaexe/a3pm8ap2ngzzz29oxd9/5,0,0,0,0,0,1
889fc773xpvaibaexe/+5dmthxoxmvdewu0+1hyl,0,0,0,1,1,1
88aa1631xpvaibaexe8g+dn2/i3pr7phrrx6ocid,0,0,0,0,1,2
891f156cxpvaibaexe/wvgrdnvcyf5jlokwpgxly,0,0,0,1,1,1
893a5314xpvaibaexe/yd5khqdzvkbpe+nw2oklv,0,0,1,2,2,2
899aad5axpvaibaexe/cezixfrxnlapg3oqjso8g,0,0,1,1,1,1
89dfb71cxpvaibaexe+4eteamtjzhm+kz/jm89jm,0,0,1,1,1,1
8a06bcb7xpvaibaexe+/1kyxp+fweafbwbyeldhp,0,0,0,1,2,3
8a09d1dfxpvaibaexe/kmtcr6bhausp9eatq9iqh,0,0,0,0,0,1
8a73c0a4xpvaibaexe9uaaz/yedhvg4ke7hp5cvh,0,0,1,2,2,2
8aa98ad2xpvaibaexe8m37suqoe4czpslxtwe9xx,0,1,2,2,2,2
8ab125a2xpvaibaexe9gjazs/pdnmz2phhoaazsg,0,0,1,1,1,1
8b274f66xpvaibaexe+tsa7t7uslj3r6xgtundy+,0,0,1,2,2,2
8b6b6b01xpvaibaexe9puzayruocky5siobrpyev,0,0,1,1,2,2
8b9dd5f1xpvaibaexe/7vxm0xgxldiyndzaf66fa,0,0,1,1,1,1
8c577ad6xpvaibaexe9tsnflfdewas/1n+smw3yd,0,0,0,1,1,2
8c88fe6expvaibaexe86shnmdbyrm22zyhzfdrss,0,0,0,0,0,1
8ce77ecbxpvaibaexe/d4nfnihfaqqfh76bzfxpr,0,0,0,1,1,1
8d2f7d47xpvaibaexe+k2gcw0rzzlw/9hi+mqcpv,0,0,0,1,1,1
8d960c00xpvaibaexe+4xppxlkrz0g+sqo8p+6po,0,0,0,0,0,1
8dd2e6eexpvaibaexe+72vl6t/d8ganddocq3/hg,0,0,0,1,2,3
8deee6b7xpvaibaexe+k2gcw0rzzlarflldgczmw,0,0,0,1,2,2
8df80dc7xpvaibaexe+ghnk19bpqc2hzcxrgb6j1,0,0,1,1,1,1
8e862257xpvaibaexe86sben0/yctscv+fsbuwvo,0,0,1,2,2,2
8edf0cbcxpvaibaexe+eiy6tmcszu0mu7wa7hwrc,0,0,1,1,1,1
8f1119d3xpvaibaexe/04iiik7okbcgswyeifmkt,0,0,1,2,2,2
8f5fef7axpvaibaexe/wtr5ugsyutkvkihrpcmsn,0,0,1,2,2,2
8f64d58fxpvaibaexe9wgatiml02lhpk6dke3g6h,0,0,0,0,1,1
8fba7352xpvaibaexe+a+6mrsshfh2znazayp3oa,0,0,0,1,1,1
907f091fxpvaibaexe+6mzawgr2agr6xb6ncltgq,0,0,0,1,1,1
90b4c053xpvaibaexe/iikjq57vd74vq3bu9fhva,0,0,0,1,2,2
91061907xpvaibaexe+n07p56kwx2is7/sk+fjvn,0,1,1,1,1,2
91090a58xpvaibaexe/twrh8x8eyg72wdhvxbsqi,0,0,0,0,0,1
9146b955xpvaibaexe+kaiyhkmxycewo76yr1cwf,0,0,1,1,1,1
91bf9650xpvaibaexe+69u8i0r94eua0ex/wkmb+,0,0,1,1,1,1
92272147xpvaibaexe+9uxuadizyiegtd12yvczw,0,0,0,0,1,2
9236689dxpvaibaexe9ygnnr0jxphvxfvg9a0ynj,0,0,0,1,1,1
937338dfxpvaibaexe/3z2k7mha0jwd7iecx0cfz,0,0,0,1,1,1
93db83a1xpvaibaexe+fw1bg/roenik8qwl1us6q,0,0,1,2,2,2
94be2cbfxpvaibaexe+3bwvxnzrrwadobx0jk62+,0,0,0,0,0,1
95200ec7xpvaibaexe+zcbazes7yiqw0mlrivq1d,0,0,0,0,1,2
952ccdb3xpvaibaexe+g+689av0wqxjr/4g6pbab,0,0,1,2,2,2
95921b9cxpvaibaexe+sgbkufuin7o+pecbjlp5n,0,0,0,1,1,1
95a27658xpvaibaexe+l4+qemj/l9qonfj/kpse7,0,1,2,2,2,2
95b48f1dxpvaibaexe92/fvkjtosoy7msvuabv9a,0,0,1,1,1,1
9602d38fxpvaibaexe+23ctkf8qtd7zkm/8z9cwc,0,0,0,1,1,1
9643c165xpvaibaexe/0w4kdben431/6v6m74k/g,0,0,0,1,2,3
966045e9xpvaibaexe+fpsoag5letv364e+7hhg8,0,0,0,1,2,2
96fe9a69xpvaibaexe+t618nkwp4eytzvseab05z,0,1,2,3,3,3
9743cabexpvaibaexe+ygniciymp05yzwgxuiwj3,0,0,0,1,2,2
97d9d021xpvaibaexe9zgba8fckekljaaeb/gso3,0,0,0,0,1,1
97db8803xpvaibaexe9d+re/yvwokgk9zilro4my,0,0,0,1,1,1
98857340xpvaibaexe+pdn88/1dr4igaxoqlhkux,0,0,0,0,0,1
999263acxpvaibaexe/r8wktwv7vqmotoeaycdaf,0,0,0,1,1,1
99d9e2cexpvaibaexe8vh+aqmuj+nhcvcn+mknd+,0,0,0,0,1,2
9a252138xpvaibaexe+23ctkf8qtdwoxkv65zbwe,0,0,1,1,1,1
9afd5c84xpvaibaexe//z7+cgdqlohd+wjys0uvi,0,0,0,0,1,1
9b210894xpvaibaexe+f+2tzheifcc7vgnpocamu,0,0,0,1,2,2
9b70107bxpvaibaexe9p78qxnh96y5ughxpar4kx,0,0,0,0,0,1
9c31de00xpvaibaexe86jqvsmool9heq1ka1r7+d,0,0,1,1,1,1
9c5c5c15xpvaibaexe+d5c9re7eglsun3d4zgxa/,0,1,2,2,2,2
9c9bb502xpvaibaexe91ucttbryag5hwwfofsc9o,0,0,0,0,1,1
9c9df586xpvaibaexe+ghnk19bpqc+r86wcu45mt,0,0,1,1,1,1
9ca2b07fxpvaibaexe8at9ggxzjnl4stnw4qlktc,0,0,1,2,3,3
9cbfa49cxpvaibaexe9rbqr8nwnz2isfif4wbhed,0,0,1,1,1,1
9d4dc194xpvaibaexe+pzu+khqbqyqh7gik4pjkc,0,0,0,1,1,1
9d6d1b86xpvaibaexe/s4a8qpv8nb2l3j53opioj,0,0,0,0,1,1
9d86b13dxpvaibaexe8lzysxhhit0wpim25ozma/,0,0,1,1,1,1
9e7720d0xpvaibaexe8nonh54mn6m/vxi2/pe5ko,0,0,0,0,0,1
9e8d0ce7xpvaibaexe+/1kyxp+fwelfnn49roazp,0,0,0,1,2,2
9f2783a6xpvaibaexe9e953jv3nnlvl344jitmaf,0,0,0,1,1,1
9f6ad189xpvaibaexe8sczujy2txhzfpnmrruqon,0,0,0,0,0,1
9fbbfedaxpvaibaexe9uaaz/yedhvdiavlasfm3n,0,0,0,0,0,1
9ffe25caxpvaibaexe+paovcd+lnowthpab4g+qg,0,0,0,0,0,1
a004b693xpvaibaexe93ubsm/ewamgf8e3j+lmmy,0,1,2,2,2,2
a087b8caxpvaibaexe96k1ab3b4ckezglp7zudq0,0,0,1,1,1,1
a11f7e03xpvaibaexe/qpfjjxkb5fuux5ahomd0p,0,0,1,1,1,1
a142d484xpvaibaexe+55g1ktuqha8linu/lmym4,0,0,1,2,2,2
a152dbf7xpvaibaexe+s9ax3ch11abdcfywuvfju,0,0,1,1,1,1
a184b613xpvaibaexe/fv9q7dzquwsmrqujobf38,0,1,2,3,3,3
a1c2794fxpvaibaexe/hqn1xesl1blvkoidigfdf,0,0,0,0,0,1
a1f1a0ebxpvaibaexe9vh8fj4r+4oqmcc3puvfwh,0,0,1,1,1,1
a23f32d0xpvaibaexe+nqszrbbpdt0l1lciqtcdu,0,0,0,1,1,1
a3126134xpvaibaexe8jwcgah0ijmio59owrx7rw,0,0,1,2,2,2
a32efa8expvaibaexe/cezixfrxnlr7u3ymgwb2n,0,1,1,2,3,4
a34a5122xpvaibaexe8srut3batkgudpn4nf+cwx,0,0,0,1,1,1
a35eedf1xpvaibaexe/z9l7tmg5texi+vwcz+apa,0,1,2,3,3,3
a37f289cxpvaibaexe8hxolow72zidi64kxsz6q8,0,0,0,0,0,1
a3b5ff12xpvaibaexe/kvp5zrg5wiweuxdkpaqc6,0,0,0,1,1,1
a3d44efexpvaibaexe/cjxaw79civqjvfb/mlhy/,0,0,1,2,2,2
a475a43cxpvaibaexe9ajzoptpw4tdauvze0de+y,0,0,0,0,0,1
a4da8d82xpvaibaexe85hklgqajy3al/0bm3uqty,0,0,1,1,2,3
a5768c30xpvaibaexe+qnco6wu+o6ho16o6zzhxl,0,0,0,0,0,1
a59ff9a4xpvaibaexe8yaj+xvjgnazggaiqc/www,0,0,0,0,0,1
a5ae07d7xpvaibaexe+fw1bg/roengyuayxi/rsm,0,0,0,1,2,2
a5bdd88cxpvaibaexe8ixn+mv9wqkkkowxncmmdn,0,0,1,2,3,3
a5c691c3xpvaibaexe+mmervxp1vaha9zkgghhv0,0,0,1,2,3,3
a5c940adxpvaibaexe+02rynj/uix/nt9ycujwyv,0,0,0,1,2,2
a5cfc3eaxpvaibaexe8v1/72rbobbqbhkdh9w0n8,0,0,0,0,0,1
a5defa28xpvaibaexe9kj+qyuurp6+diyiqxkhpn,0,0,1,1,2,3
a6169055xpvaibaexe81r7krch0uc4qkxdeowyb4,0,1,1,2,2,2
a65f6ee9xpvaibaexe8igdmjikw1wtxs5cflwsgb,0,0,0,0,1,1
a67ba68axpvaibaexe/nq24gaz1fectnhgcxmi35,0,1,1,1,1,1
a6c20bc5xpvaibaexe/t7clci88v7hjmkvisstxm,0,0,0,1,2,2
a6f6f2dfxpvaibaexe8091b3eu2czk6h6duebpnb,0,0,1,1,1,2
a748c662xpvaibaexe8zn2kkhdlfutrvtj+5qexp,0,1,2,3,3,3
a77e224expvaibaexe+uuz4qw1xos1chjcsxdmhf,0,0,0,0,0,1
a81eb87cxpvaibaexe+ndjhrhiaomszekmch2ju6,0,0,1,2,2,2
a8236254xpvaibaexe92hfjddfybw2a7pndqjuyc,0,1,2,3,3,3
a8f153c6xpvaibaexe9cyfl6d6btphgcj6z6ql7j,0,0,0,0,0,1
aa258976xpvaibaexe815epcwwbvwrwcuxdnt92v,0,0,1,2,2,2
aa25e369xpvaibaexe/pnxuiwmjhjhfo1g+5tpva,0,0,0,0,0,1
aaf15d98xpvaibaexe/x5zhfzi36laefprlvurrt,0,0,0,1,2,2
aaf7f152xpvaibaexe/baiw3k4hkfzl+wq31fvga,0,0,0,0,0,1
ab8f8b7expvaibaexe/fr4/q8qxxrqmhrjlo9ect,0,0,1,1,1,1
abb8f768xpvaibaexe9rbno8knvpdw9jyslgtazk,0,0,0,0,0,1
abdab051xpvaibaexe/nexuu8f5ch1srshigszki,0,0,0,0,0,1
abe403f3xpvaibaexe8zi/zlizsiuccf7eh0896p,0,0,1,1,1,1
ac17a2ebxpvaibaexe+ltcxpm838vtwwvusjrtsd,0,0,0,0,0,1
ace14358xpvaibaexe+mmervxp1vadm97u7ctahj,0,0,1,1,1,1
acfe0b34xpvaibaexe+ba4dzyrt+piltwsa5vdjd,0,0,1,1,1,1
ad2d3287xpvaibaexe/x5qova9defus0iy8er9pu,0,0,1,2,2,2
ad4f8f98xpvaibaexe+wjq/eosknhwafdl7ih9lt,0,0,0,0,0,1
ad8485d9xpvaibaexe+m8jauhbjyeqzp08eadkvu,0,0,0,1,1,1
ae1c7614xpvaibaexe8revtdmhazke93jeh7nhqs,0,0,1,2,2,2
ae521a0cxpvaibaexe+9uxuadizyidphi2r5o53t,0,1,2,2,2,2
ae624a96xpvaibaexe/8demq5hsllwvz5/2rqe9y,0,0,0,0,0,1
ae8066bdxpvaibaexe8sxrohzbxms+qll1fov2ki,0,0,0,0,1,2
ae8e6b2fxpvaibaexe8f56j3w7c5xruuv122x847,0,0,1,2,2,2
aecda517xpvaibaexe9z0fdyfukzh0z69+ucjyo/,0,0,0,0,0,1
af4db700xpvaibaexe87cfnqlcor2t+jwghdcuqk,0,0,0,0,1,1
af8db623xpvaibaexe+chxm5chw4woapydgvqmwo,0,0,0,0,1,2
af9c2664xpvaibaexe+r7f7xcvfwzp6oibsblnep,0,0,0,0,0,1
b04f249expvaibaexe+siokunff6ng2p2f78fsdm,0,0,0,0,1,1
b0bb8ecbxpvaibaexe+gapkxz3rh2cyfey445dgg,0,0,1,1,1,1
b14fd079xpvaibaexe9tpeydfkivdfzfky8lde3z,0,0,1,1,2,2
b1670272xpvaibaexe8ot/p9f7hpvcisxleb9snv,0,0,0,1,1,2
b185fc25xpvaibaexe8c/asunka47n3ivbkhlraw,0,0,0,0,0,1
b1e1e60cxpvaibaexe8lx4hhykrfzmdukw2kr76x,0,0,0,0,1,1
b1e90fa5xpvaibaexe8qbtius9inc0su0gs2ivrk,0,0,1,1,2,3
b283d9d3xpvaibaexe+a+6mrsshfh4yvs3ioxjbv,0,0,0,0,1,1
b2895e1bxpvaibaexe+k2gcw0rzzls5qi5kjx1wi,0,0,0,1,1,1
b2b5d9c3xpvaibaexe/uev7j/8ezmxd71zvl116w,0,0,0,0,0,1
b2b76d29xpvaibaexe/v92w6vxv2r0+k7cgvhenu,0,0,0,1,1,1
b2f218b4xpvaibaexe9ndaclo3+sv2jzyre1jmlj,0,0,0,1,1,1
b38ba4b5xpvaibaexe+si2uhc5cmed8s9edkykxq,0,0,1,2,2,2
b43fdad6xpvaibaexe8jfpqse3kv6k3ttgecxyyh,0,0,0,0,1,1
b4559377xpvaibaexe+vudgg5hndvzhrs0bleb5n,0,0,0,1,1,1
b47bc5e8xpvaibaexe/h1vzjbzjawmy5agwfivk2,0,0,0,0,0,1
b4837441xpvaibaexe9+m/oqf3tjz8/jjsnoprlt,0,0,0,1,1,1
b4bb0b80xpvaibaexe/sw+jvmhnqgrbv2ambzxbl,0,0,1,1,2,3
b4f05d8dxpvaibaexe8b36blncvklxvhvtsc/ozh,0,0,1,2,3,3
b507b5d1xpvaibaexe/hzd2atf04tbdesiza5/un,0,0,1,1,1,1
b51a494fxpvaibaexe/zbep+h+olztv2gd+xbqce,0,0,0,0,0,1
b57360a1xpvaibaexe+sv6kmm2rqhtwcdwczbkzo,0,1,2,2,2,2
b5a14b20xpvaibaexe/clthnknypfkcbtl5zejt7,0,0,1,1,1,1
b5a93f62xpvaibaexe+sqsfsqovn9xhprfkkgmki,0,0,1,2,2,2
b5bef93fxpvaibaexe9exxmvkemojqj2b0xplyqv,0,0,0,0,0,1
b5c2a1c5xpvaibaexe8jrlimuqsscaeqw+va6u8x,0,0,0,0,1,1
b5e277f2xpvaibaexe9kg2or8zvk3qprq27fino0,0,0,0,1,1,1
b606a119xpvaibaexe/esoa28kztdjbqgd3c1hu8,0,0,1,1,1,1
b66497ffxpvaibaexe9czqytkm8+atbklr0/5mxn,0,0,0,0,0,1
b680af1dxpvaibaexe+nyyotv4fwdqksciquoc7k,0,0,1,1,1,1
b697f2c4xpvaibaexe8ewl5nr7owqlocjurfrtg2,0,0,1,1,1,1
b721ce15xpvaibaexe/wujygmdanylnzwca+zedw,0,0,0,1,1,1
b768bc44xpvaibaexe/k16nynloi0wdbz4sbelnq,0,0,0,0,1,2
b81b9c7axpvaibaexe8igiiwauhvtdiphp0zkls3,0,1,2,2,2,2
b8ea658fxpvaibaexe9/83vyrk4yzrz+ecciuu+p,0,0,0,1,2,3
b9165618xpvaibaexe8qbtius9incyaapqaydoj2,0,0,1,1,1,1
b95f25d4xpvaibaexe8p7+qblh7hjurl4wej2hsb,0,0,1,2,2,2
b96ead07xpvaibaexe+ee/bnoydjsrd6trqplmio,0,0,1,2,2,2
b9cf2d72xpvaibaexe9zes3ot4n4spnmtvqs/qce,0,0,0,0,1,2
b9f258afxpvaibaexe+sxbrvscei6cbpgwix/ruw,0,0,1,1,1,1
b9fe1164xpvaibaexe/zbep+h+olzsiu3qahbbb5,0,0,0,1,1,1
ba4389b9xpvaibaexe9g2n4phuxisp3mmheky7pw,0,0,1,1,1,2
ba4e4ff3xpvaibaexe/pxwjbnzlssghuklm+sw0s,0,0,0,1,2,2
bac0d992xpvaibaexe/dmvqguzybhm+z5fuq42cm,0,0,0,0,0,1
bafefadexpvaibaexe8pc6kxkolnawucsnjkift+,0,0,1,1,1,1
bb05d862xpvaibaexe9v50ts4uausnkivpz35mi7,0,0,1,1,1,1
bb3db683xpvaibaexe+g4b5cywzjwsiidpudzbup,0,0,1,1,1,1
bb9275d9xpvaibaexe/evmuern6w1k2c261sqjjv,0,0,0,0,1,2
bbf7b61bxpvaibaexe+tkwu+ol4th6huzrqahgpg,0,0,0,0,1,2
bc04ae6fxpvaibaexe9wonradwt/otavf/ihyoe2,0,0,0,0,0,1
bcb10d47xpvaibaexe92uubt7zfwrfm+6m0wsyvl,0,0,1,1,1,1
bcd2b356xpvaibaexe/utqptjbxfvlhudluehp1k,0,0,1,1,1,1
bd62fc46xpvaibaexe8/v1ek05z04+aku3v8kegp,0,0,0,1,1,1
bd75364fxpvaibaexe+v5svysgrzwpqvmocfsp3a,0,0,1,2,2,2
bd9692f6xpvaibaexe+9toqtj+tlmmidmaw1q9dv,0,0,1,2,2,2
bda2eb38xpvaibaexe/f8uibt+n0tzbmtk+02zml,0,0,0,1,2,2
bdff4c67xpvaibaexe8kujneatws84fcamkfvsuy,0,0,0,0,1,2
be166fc1xpvaibaexe92hfjddfybw8hsj6feqoxv,0,0,1,1,1,1
be1a9abexpvaibaexe92umf5pb/ttjv+q4aigmmx,0,0,0,1,2,3
bebedf03xpvaibaexe+zcbazes7yigfir0zzgiut,0,0,0,1,2,2
bf5375eaxpvaibaexe/u5lsbganj86bcvphmelkf,0,0,0,1,2,3
bfab0bc0xpvaibaexe+paovcd+lnox59zggn3cv1,0,0,0,1,2,2
bfb9aa3expvaibaexe/hd2nfsms4vmy4azjriys6,0,0,0,1,1,1
bfd4247cxpvaibaexe+jsqlrdntkxu+53dura5mm,0,0,1,2,2,2
bfe9d48fxpvaibaexe+itthaewsatrt2+vu0aqqp,0,1,2,3,3,3
c021b812xpvaibaexe92t150nt0xzmdoaclt5hqe,0,1,1,1,1,1
c03db73bxpvaibaexe+duf+563kbvrrf5m+rrsrt,0,0,1,2,2,2
c0834f79xpvaibaexe/evmuern6w1hgydtwudcyq,0,0,0,0,0,1
c1732776xpvaibaexe+uuz4qw1xos0uzyqgzu4fr,0,0,0,0,0,1
c17539fcxpvaibaexe8zbelfimmobks0ttkqyagb,0,0,0,0,0,1
c17b5a3bxpvaibaexe8cnw5gpzv0gc+igo1ab444,0,0,0,0,0,1
c190179bxpvaibaexe+laxehdaaonnaspp+7g/st,0,0,1,1,1,1
c1c2d49cxpvaibaexe+5aeinm7he3lyo4yh3wzso,0,1,2,2,2,2
c1eadb83xpvaibaexe8snnwrts3hxhejbccj0138,0,0,0,0,0,1
c1f37059xpvaibaexe9cyfl6d6btpg7hzas511bz,0,0,0,0,0,1
c21a84a1xpvaibaexe97ykczitj7gruq8iiia3cc,0,0,0,1,1,1
c34cb14fxpvaibaexe+dvxfbwvwklyf2u7qop3ee,0,0,0,0,1,1
c386ee73xpvaibaexe+hel85qgo03znov3tvjtb1,0,0,0,1,2,3
c3e0bacexpvaibaexe8zbelfimmobc4sduudh1j3,0,0,0,0,0,1
c4cbd3d0xpvaibaexe9gqqks1wvjifdwtugyoh3p,0,0,1,2,2,2
c53bfe49xpvaibaexe/giu0v6trrkw24bugpxvvi,0,0,0,1,1,1
c545722axpvaibaexe9e+yojsz6hocejug3fpsq5,0,0,0,1,1,1
c5b7d523xpvaibaexe9176253k6mv+qezvjpk2z6,0,0,0,1,1,1
c5bf654axpvaibaexe9cps/fvpb+nwkhww287xb1,0,0,0,1,1,1
c5d19041xpvaibaexe+njimjch3vhgzbbbwixtpf,0,0,0,0,0,1
c60b8b5fxpvaibaexe/t7clci88v7np9bktu3slj,0,0,1,2,3,3
c6b0d2b1xpvaibaexe+us3hccqf/s6qwc/gw/0sp,0,0,1,1,1,1
c6dae18dxpvaibaexe9wonradwt/od2fmnwtshqf,0,0,0,0,0,1
c6f46501xpvaibaexe+w0wzzskkf2mlf4c3u0lkw,0,0,0,0,1,1
c7750281xpvaibaexe8e6yzsppyfoukenmh5lqzu,0,0,1,1,1,1
c78857daxpvaibaexe+uuz4qw1xos0cut9cey9z/,0,0,0,0,0,1
c79d845fxpvaibaexe/nok7qdnjjrlwbti3yyrwf,0,0,0,0,0,1
c85cac55xpvaibaexe8ewl5nr7owqnsdhpbn24ji,0,0,1,1,1,1
c8a3f412xpvaibaexe+uwtcfqv0fxlmclpupnp8f,0,1,2,3,3,3
c8bc28cbxpvaibaexe9cps/fvpb+n2roxohl1v+l,0,0,0,1,1,1
c8c4e0f7xpvaibaexe+0dwp+qxloyhmctx8zb86s,0,0,0,1,1,1
c91fe431xpvaibaexe/pnxuiwmjhjmehadhhr1om,0,0,1,1,1,1
c9370ac9xpvaibaexe/eckq6i30zsv1ttdla2dnf,0,0,0,1,1,2
c95446eaxpvaibaexe8zi/zlizsiuptvoesp3gt7,0,0,1,1,1,1
c974a3f5xpvaibaexe+4otpvnl5gpw992xn6q9y4,0,0,0,1,1,1
ca375264xpvaibaexe++r9hzjt1s7+ez3p2vvmpq,0,0,0,0,1,2
cb0ba297xpvaibaexe+m/bsglkqkv1otiuksehkw,0,0,0,1,2,3
cb2805cdxpvaibaexe85hklgqajy3dq36mtrmfzy,0,0,1,1,1,1
cb548a33xpvaibaexe+t+pdylenbrh/msoum7hbm,0,0,0,0,1,2
cb8bca7fxpvaibaexe88en6dqqetsq7ykpqcguhq,0,0,0,1,2,3
cba229a4xpvaibaexe/wm5trbbcdmqv3vjjvzyoo,0,0,0,0,1,2
cbb55f72xpvaibaexe9hp2teoswcgx/r/au50aaf,0,0,1,2,3,3
cbc03cbbxpvaibaexe8t4cdfhkw3synncg5ktgr2,0,0,0,1,2,2
cc1be9f4xpvaibaexe+nqszrbbpdty51v94rqvp2,0,0,0,1,1,2
cc81ca80xpvaibaexe9oorq1xsw6nmpmbrn5vcaq,0,0,0,0,0,1
ccea4336xpvaibaexe8ndftcadx+efg8eh3feqar,0,0,1,1,1,1
cd7a1376xpvaibaexe99qzhww+etfghumxya7x8o,0,0,0,0,0,1
cdc5f17axpvaibaexe9dy3g0pb8xomz8n4vq+rnz,0,0,0,0,1,1
cdddce8bxpvaibaexe+lovcofflpoioto/v1hzpn,0,0,1,2,3,3
cddddea0xpvaibaexe97ykczitj7gng9suom3xul,0,0,0,0,1,1
ce26de57xpvaibaexe/ns/wsuhf6kido4novtfhp,0,0,1,2,3,3
cf4eb98cxpvaibaexe+ap8crmm5f5dmhblksi4k+,0,0,0,1,1,1
cf658d42xpvaibaexe+pzu+khqbqysfanzlghkk8,0,0,0,1,1,1
cf820e88xpvaibaexe88g96lr9q/hwqhdno6q1de,0,0,1,2,3,3
d0067b90xpvaibaexe9f+ou8wunbqc85gv/05gsu,0,0,0,1,2,3
d04c8f50xpvaibaexe/45+b0lblj7ba1znatd8sv,0,0,0,0,0,1
d07cd6ffxpvaibaexe/xopuzjjlegdgj6lvnezhm,0,0,0,0,1,1
d0832c09xpvaibaexe+tuhadewroxzm80wnqj1fk,0,0,0,0,0,1
d0905d53xpvaibaexe+3ze134gecv79iy/cbvuyx,0,0,0,1,1,1
d1798717xpvaibaexe/qwjvabg0+vslibzle3m0j,0,1,1,1,1,2
d1d177eaxpvaibaexe8dee4ta8wghwsqnrzsv5e9,0,0,0,0,0,1
d2b8f4a8xpvaibaexe9kwpgoh3zhl12g4uc3ar/i,0,0,0,0,1,2
d2c70515xpvaibaexe/adnwkoyhfdguaib/kdrkd,0,0,0,0,1,1
d41951cexpvaibaexe86jqvsmool9rvc2uwyj4gj,0,0,0,0,1,1
d43b7616xpvaibaexe9frfgwld9noqxovzyrvxa3,0,0,1,1,1,1
d4872d09xpvaibaexe83rugso94cq7h26xglc4xf,0,0,1,2,2,2
d4f95b3cxpvaibaexe/z2d1qs9uwohfr72ctyzhw,0,0,0,0,1,2
d544aa69xpvaibaexe8d+xul7f/qxat4q32alrfb,0,0,1,2,2,3
d55d78afxpvaibaexe88en6dqqetsto+tfcporrm,0,0,1,1,1,1
d5ccc0f0xpvaibaexe9xlm9bjmqfkxyig4dipnyr,0,0,0,1,1,1
d6da2754xpvaibaexe9tdh69vvzt14bfenmelpa0,0,0,0,0,0,1
d6f0a479xpvaibaexe8l2spbjihvxv6q6ege0whi,0,1,1,1,1,2
d6f8d120xpvaibaexe8jwcgah0ijmlzkieul7fu5,0,0,1,2,2,3
d7470d73xpvaibaexe9wgqqll7rkk8kbzbimtu15,0,0,1,2,3,3
d77b1380xpvaibaexe+zrghfausfaqpsaqem2bzz,0,0,1,2,3,3
d7df9f37xpvaibaexe9tdh69vvzt11dfss5c1fsb,0,0,0,0,0,1
d7f095bfxpvaibaexe8jwcgah0ijmpyjth4hoace,0,0,0,0,0,1
d8082650xpvaibaexe/cisftemjhaernmlun1v2j,0,0,1,2,2,2
d86bb62expvaibaexe/v5x/h23mycdvdmenwohhv,0,0,0,0,0,1
d8ceff81xpvaibaexe9hrsmkhnyvnqfbcncw6fhh,0,0,1,1,1,1
d907516fxpvaibaexe+jf4o+sekcghj11j0czgjq,0,0,0,0,0,1
d92eaf87xpvaibaexe8+pbtaprlcy25vb5see4g0,0,0,0,0,1,1
d95dccc6xpvaibaexe+ggliw+afajpvsafjrjr1s,0,0,1,1,1,1
d9987866xpvaibaexe+5aeinm7he3nnxvaikjiqo,0,0,1,1,1,1
d9b39ba6xpvaibaexe+ywvhytnixuol9p7zuqenl,0,0,1,1,1,1
d9e0287fxpvaibaexe9rxq3eqecngscjboexc7h1,0,0,1,2,2,2
d9e2d8fdxpvaibaexe90zzx2oanjjl4voj5+njxm,0,0,0,0,1,1
da0d2fafxpvaibaexe/eamzfftvzpbz08/yfvr8p,0,0,0,1,1,1
da1d5bdfxpvaibaexe81w9evvyp+l1gq5exekytj,0,0,0,0,0,1
da31fd78xpvaibaexe+xxbs4kvh/k/iub/eqqobb,0,0,0,0,0,1
da324490xpvaibaexe9g2n4phuxiskrqsrohvin+,0,1,2,2,2,2
da3e280fxpvaibaexe815epcwwbvwecsrsipsikm,0,0,0,1,1,1
da75fffexpvaibaexe8808q51bnmqhht8rewwmqj,0,0,0,1,2,2
da7b73d9xpvaibaexe/x5ut1fayttx7c+fsqykde,0,0,1,2,3,3
db3b22f4xpvaibaexe+cv7qscykqekkv/aftkfbx,0,0,1,2,2,2
dba6c8f4xpvaibaexe8snnwrts3hxohat71pzdzl,0,0,1,1,2,3
dc313fc1xpvaibaexe/zt99h3ddtvyoxvmuymjkm,0,0,0,1,2,2
dc7b56b4xpvaibaexe92hfjddfybw9z/th4rxlkq,0,1,2,2,2,2
dc88f693xpvaibaexe/z2d1qs9uwocng/k5fncyf,0,0,1,1,1,1
dca94b13xpvaibaexe9rv3kg6cpldhjssrcu5mso,0,0,0,1,2,2
dca99493xpvaibaexe9ylqoutvcef7nxdvfxkapm,0,0,1,1,2,2
dd0479b2xpvaibaexe8qsvvyfbgpn8/et18nynes,0,0,0,0,0,1
ddc50740xpvaibaexe+uwtcfqv0fxrvbthib+xc/,0,0,0,0,0,1
ddca386axpvaibaexe/rr9ujzgoyekljqwhwmf0k,0,0,0,0,0,1
ddcf9febxpvaibaexe/qeoednkatr6le0iva8n3f,0,0,1,2,2,2
ddff2ad9xpvaibaexe8enouoh243g2ibmz3/wha9,0,0,0,0,1,1
de53507fxpvaibaexe+feaefw3o+ko6tvtsgijy3,0,1,1,1,1,1
deb053e1xpvaibaexe8091b3eu2czb1zall3niqm,0,0,0,1,1,1
df355561xpvaibaexe9zbno1fewqmf+ds9wru5fu,0,0,1,1,1,1
df482daexpvaibaexe8jfpqse3kv6npxwq9nehvz,0,0,1,2,3,3
df7b8119xpvaibaexe8tcemjjxtx9jubcbxfwq4z,0,1,2,2,2,2
df932fd2xpvaibaexe8bhosdwbr9uumnjlksc+zy,0,0,1,1,1,1
dfd72534xpvaibaexe9ifjllu9dvvydolf1fple6,0,0,0,0,1,1
dfd92514xpvaibaexe/evmuern6w1cgmheyui2b5,0,0,1,1,1,1
dfdc60c1xpvaibaexe//ooov2hcsivme2apvulti,0,0,1,2,2,2
dfdf0bbbxpvaibaexe+hel85qgo03wovv49znpui,0,0,0,0,0,1
e00aa33axpvaibaexe8dbqman7rghkcteegzoxti,0,0,0,0,0,1
e0a6652fxpvaibaexe/vnvhybb4tnnrtsztpghn9,0,0,1,2,2,2
e0ae8b8axpvaibaexe+7p4ts0/ikvrsgikm58ke9,0,1,2,3,3,3
e0cea108xpvaibaexe9rv3kg6cpldm1mw2kbbkz6,0,0,0,1,2,2
e0ea07f4xpvaibaexe8qwxsyp7gy4egolsydgmpr,0,0,0,0,0,1
e113c2d7xpvaibaexe+3bwvxnzrrwkoypcnthiwj,0,0,1,1,1,1
e13a60b7xpvaibaexe/igey/hml5uk2whhyz1ncy,0,1,1,1,1,1
e16a784cxpvaibaexe96k1ab3b4ckvqj15x8j3fa,0,0,1,1,1,1
e1769b7axpvaibaexe8alappdcf+aqtselh9wsla,0,0,0,1,1,1
e19c669fxpvaibaexe/lyy7+7e9oi1z9m6xwsk94,0,0,0,1,2,2
e2a54b84xpvaibaexe8zcbsjnuktifdmfkbzomfm,0,0,0,0,1,1
e2f55bb9xpvaibaexe+f5/cncorl8eicercdyk4q,0,0,1,1,1,1
e2f99bf1xpvaibaexe+om5b1z5bskdroaj40h/8e,0,0,0,0,1,2
e37bf33cxpvaibaexe9y6xkwco8jyuy8xdoxijzw,0,0,1,2,2,2
e3b61324xpvaibaexe+e43ovk5cnp3vn23jdqpxu,0,1,2,2,2,2
e3effbd8xpvaibaexe8ebn4ywa8yu8j8dmlgxmim,0,0,1,1,2,3
e3f10a8expvaibaexe9y6xkwco8jye7qm3gd9dou,0,0,0,0,0,1
e402e8dcxpvaibaexe876wt31ygpp/bdyut7u/p4,0,0,0,0,0,1
e4fcfaa3xpvaibaexe9ggqkcdmdyeeydc+0ix8yd,0,0,0,0,0,1
e5ca44d3xpvaibaexe+rucnimwnda08/gkporaom,0,0,0,1,1,1
e63fe147xpvaibaexe+ld9vp5i9+1rq+vnnuff9r,0,0,0,1,2,2
e64cbee4xpvaibaexe+pfrkeojyoywunpcdatpyn,0,1,2,2,3,4
e667af46xpvaibaexe+g2dq0d263aylmcyvafgbj,0,0,0,0,1,1
e697153axpvaibaexe9djwuq+cta8vb4evb25cmd,0,0,0,1,1,1
e86145baxpvaibaexe9wkeultvpydwsqdpqaoewh,0,0,1,1,2,2
e879b5c5xpvaibaexe81w9evvyp+l3aurvct22d5,0,0,0,1,1,1
e890e973xpvaibaexe9syd7vfew2quamdsidjgcm,0,0,0,1,1,1
e8b314e9xpvaibaexe/gp74oajxkejbsek9q36ww,0,0,0,0,0,1
e8bdcd70xpvaibaexe8zn2kkhdlfumrsso4onxfs,0,1,2,3,4,4
e8ef5fecxpvaibaexe9npw4gelgywc8qu4fcrzoz,0,0,0,1,2,2
e955672expvaibaexe+vudgg5hndv0w7hq6pf55r,0,0,0,1,1,1
e9663523xpvaibaexe9nzbs7fjgawcnvpcsaomdb,0,0,1,2,3,4
e9c9d84cxpvaibaexe+3iesfe/cqdpyfmc3ljci5,0,0,0,1,1,1
eae7d3dexpvaibaexe8g+dn2/i3prxc19egjvmaf,0,0,0,0,0,1
eb376b49xpvaibaexe8ylvtcvzcdlc3liwwiri7k,0,0,1,2,2,2
eba37443xpvaibaexe++b0jycbxa1i08yidcevqb,0,0,1,2,2,2
ebc55c2bxpvaibaexe/7yvaxosmwok0easyvdfsg,0,0,0,1,2,2
ebcb2badxpvaibaexe/jzh6zxmav+tw7vjtwjehj,0,1,2,3,4,4
ec265cbfxpvaibaexe/fuy4xnwnivspqdbfz6qel,0,0,1,2,2,2
ec385b25xpvaibaexe+zrghfausfaswfocnuwhie,0,0,1,2,2,2
ec7abe87xpvaibaexe9pxjcjrat8xvnwv3kiu5pl,0,0,1,1,1,2
ec8c917cxpvaibaexe8qgrlcblbl2nioon/wpsj6,0,0,1,2,2,2
ec99e930xpvaibaexe+tsa7t7usljxsqkit1dxt6,0,0,1,2,2,2
ed115863xpvaibaexe9puzayruockvqmp5jlkx2e,0,0,0,1,1,1
ed123cfbxpvaibaexe92c4qaj9kvhzy3ywiswz4a,0,0,1,1,1,1
ed4944dbxpvaibaexe8cswcdak/puotzsbpturcq,0,0,0,0,1,2
ed65a12fxpvaibaexe/v63kviwwako6bbk/9qg4a,0,0,0,0,1,1
ed80564axpvaibaexe8xn1ehxu1cb/hafcqugycv,0,0,1,1,1,1
edfa6738xpvaibaexe+e+n9mgynej55jlma9wdiq,0,0,0,0,1,2
ee2f83f4xpvaibaexe8xu1e8xgql2a7dywo0e1ee,0,0,1,2,3,3
ee2fa785xpvaibaexe/qqi5at3dbgog7sx8w94uk,0,0,0,0,0,1
ee6bea20xpvaibaexe87qjpuso6v7q5qvfwmgf40,0,0,1,1,1,1
eea07e87xpvaibaexe94sdmgywwl8fv3pndh7ouw,0,0,1,2,2,2
eee5c99bxpvaibaexe9ujtba/m0omudgy/pcn/xg,0,0,1,2,2,2
eef98153xpvaibaexe/3z2k7mha0jabr08zadfx6,0,0,0,0,0,1
ef9fb66bxpvaibaexe9hf/fj8gf3wr/y2syxd2ro,0,0,1,1,1,1
efcb9543xpvaibaexe9wgatiml02lhb8h3jszgg1,0,0,1,2,3,3
efd58ef6xpvaibaexe8l2spbjihvxq2jmsirnc4j,0,0,1,2,2,2
f0261509xpvaibaexe+eiy6tmcszu0rlwc8h9a9f,0,0,0,1,2,2
f095c0cexpvaibaexe9tdz4cswja140a5jvmcann,0,0,1,2,2,2
f0a647a5xpvaibaexe+vdsoayozpwxu4eusrr8sk,0,0,0,1,1,2
f0b44da1xpvaibaexe/5dpc15pekhu0ke9u7ewl7,0,1,2,2,2,2
f0da4e5bxpvaibaexe88uewilvalgceo6q/ie/fa,0,0,0,0,0,1
f0dde2e8xpvaibaexe9tvd6vhp62h6wlgdftlvft,0,0,0,0,1,1
f11612b0xpvaibaexe+q0e3qgugbpa4wlgtwpbdq,0,1,2,3,3,3
f1601417xpvaibaexe+xoev1vj5o22o5pgdzu7cx,0,0,0,0,1,1
f1894f08xpvaibaexe9z0fdyfukzh5uduaqyzbmt,0,0,0,1,1,1
f1af1834xpvaibaexe/nw3dhnqnhf60wkpucpxjg,0,0,0,1,2,2
f1c269fdxpvaibaexe/erksrs1wgem1wcohpnxdp,0,0,0,0,0,1
f20dac9cxpvaibaexe+pvabtvmwztvqslgxkmayd,0,0,1,2,2,3
f240cbebxpvaibaexe8oockqmsrcbvdupmsq9ifx,0,0,0,0,0,1
f24ecb8dxpvaibaexe8qh9frndk+msp8dv3pw7sx,0,0,0,1,2,2
f25ec7ebxpvaibaexe/skowiyakjtqustdkkajyq,0,0,0,1,1,1
f45f8d30xpvaibaexe8ve9qxgkppsfdiv6wxv1o1,0,1,2,3,3,3
f4db1e20xpvaibaexe/a+lhgtxv8vwqn9/nsljkk,0,0,1,1,1,1
f4f90434xpvaibaexe/04iiik7okbt/n8bf22cj4,0,0,1,1,1,1
f5d9d9a8xpvaibaexe/q6c3bndaquah+ogljwe4b,0,0,0,1,1,1
f614eec6xpvaibaexe/glop/3mrwan1ptxrvo389,0,0,0,0,0,1
f62290e4xpvaibaexe+oo0hccqusudpdxskdol9i,0,0,0,0,0,1
f637a0cbxpvaibaexe9+m/oqf3tjz6dkt+ah/7cq,0,0,1,2,2,2
f6a9af8axpvaibaexe+oaybuv81bbuqcqhikgk2n,0,0,0,0,1,1
f6ab4799xpvaibaexe+tuhadewrox90tv2fpdvvg,0,0,0,0,1,2
f6c0d087xpvaibaexe92lbm7bletlxiedfutrdfj,0,1,2,2,2,2
f6cf10bexpvaibaexe8vh+aqmuj+nesvstzy0/8c,0,1,1,1,1,2
f6d4d028xpvaibaexe/y5mnhmo/7o97ixck+3xeo,0,1,2,2,2,2
f74a82c2xpvaibaexe9uaaz/yedhvblmzpufabwv,0,0,1,2,2,2
f7a782dexpvaibaexe/liv6qehs+zrrtlhxntez/,0,1,2,3,3,3
f7aef87fxpvaibaexe9tsnflfdewaq2i5ivdc2ny,0,0,0,1,2,3
f7cd8361xpvaibaexe/n50hrf+du8syr3ojds5xy,0,0,1,1,1,1
f8700482xpvaibaexe+uwtcfqv0fxqnf/he4xzap,0,0,0,0,0,1
f8b7b670xpvaibaexe904wq1lykfi68effkyr0b3,0,0,1,1,1,1
f96f26bdxpvaibaexe/7jtqomcuj+4efmj09t6qd,0,0,0,1,1,1
f9739e23xpvaibaexe8jwcgah0ijmh5kslbn8h2z,0,0,1,2,2,2
f999b6baxpvaibaexe/6gqqbvlbymxj+9mk/rse1,0,0,1,2,2,2
f9aa5d76xpvaibaexe+yfpgaagvtefhiruwukm0x,0,0,1,1,1,1
f9ab3110xpvaibaexe9fy2hcq9oia5v/y7zbj0xu,0,0,0,0,0,1
f9d14729xpvaibaexe8c3lblh2dnnnphhdytjj18,0,0,1,1,1,1
fa596b82xpvaibaexe8elcvsrar7d+nmhbfmve3p,0,0,0,0,1,1
fa79293axpvaibaexe+m8jauhbjyebnpurn6a1ak,0,0,1,1,1,1
fb31658fxpvaibaexe+uuz4qw1xosw1ns1gnsk23,0,0,0,0,0,1
fb398a5axpvaibaexe/kpp1fv6ua5ytnvtwmwrqf,0,0,0,1,1,1
fb74090dxpvaibaexe+wcrilhv+1xzjtx3sqkomm,0,0,1,1,1,1
fb9d4c87xpvaibaexe9w7fv/x7qyqplsuf/c/sw3,0,1,2,2,2,2
fbc73c39xpvaibaexe9xhju59ydahtd8xnivkqya,0,0,0,0,1,2
fbd55023xpvaibaexe/pxwjbnzlssa6/q88cqwfh,0,0,1,2,2,2
fbeaa895xpvaibaexe+em+qhkpgqwaay8f3mvspw,0,0,1,1,1,1
fc108f04xpvaibaexe+zrghfausfazd0kqthsnj4,0,0,1,2,2,2
fd1145eaxpvaibaexe8hixww/kwsba/pknlls66c,0,0,1,2,2,2
fd1d86a8xpvaibaexe/9lbbkdbccwh3xmapliwcp,0,0,1,1,1,1
fd3f195dxpvaibaexe9lubdg2blqkl/kk90e0gkm,0,0,1,2,2,2
fd4d1450xpvaibaexe9tsnflfdewahoresoxlxzp,0,0,0,1,2,2
fda9dea1xpvaibaexe+tqjlvjoj4bbq7gu36vta9,0,0,0,0,0,1
fdbf2427xpvaibaexe+lbmstuwvmun7/piywu437,0,1,2,2,2,2
fdca1f81xpvaibaexe+xw+0gojor0flmrnx/+tzg,0,0,0,0,0,1
fddbdf52xpvaibaexe+5aeinm7he3h6+dafh7v1r,0,0,1,1,1,1
fe6b6bd2xpvaibaexe+ld9vp5i9+1qcjzhpthmki,0,0,0,1,1,1
fecce3cbxpvaibaexe8yk/xntbukzhomj6wha+le,0,0,1,2,2,2
fecdca31xpvaibaexe+z64gg7q108bovij1tosym,0,0,0,1,1,1
ff1f91c6xpvaibaexe9qjdm9ne85ig8enj2bg8bp,0,0,0,0,0,1
ff47be24xpvaibaexe+g4b5cywzjwcx/s5xmqp36,0,0,1,1,1,1
ff575360xpvaibaexe9wgacca7scwwiaus/gwfcv,0,0,0,1,1,1
ff63d402xpvaibaexe8ciylbp/qla+oh6rjlg1kv,0,0,1,2,2,3
ff7b155axpvaibaexe8czdrb45s33jbu6kagljgx,0,1,1,1,1,1
ff9bcacdxpvaibaexe9a9whb728zil656mdf6zew,0,1,2,3,3,3
ff9f4b4bxpvaibaexe9hyalhcsdqbzink2e5ehqz,0,0,1,1,1,2
